Nombre,Address,,
ESCUELA SECUNDARIA Nº6 DR.MANUEL ALVAREZ,"JUAN ZARATE S/N  , TORRES, LUJAN, Buenos Aires, Argentina",Address_2,Address_3
ESCUELA SECUNDARIA Nº6 ALMIRANTE GUILLERMO BROWN,"RMI FERNANDEZ E/LORETO Y STA. ROSALIA 1347  , VILLA RAFFO, TRES DE FEBRERO, Buenos Aires, Argentina","JUAN ZARATE S/N  , TORRES, LUJAN, Buenos Aires, Argentina","JUAN ZARATE , LUJAN, Buenos Aires, Argentina"
ANEXO DE ESCUELA SECUNDARIA Nº5,"LAPRIDA Y BELGRANO   BARRIO BAIRES, DON TORCUATO, TIGRE, Buenos Aires, Argentina","RMI FERNANDEZ 1347  , VILLA RAFFO, TRES DE FEBRERO, Buenos Aires, Argentina","RMI FERNANDEZ 1347, TRES DE FEBRERO, Buenos Aires, Argentina"
ESCUELA SECUNDARIA Nº2 JOSE DE SAN MARTIN,"11 DE SETIEMBREE/ GUIDO Y CHARCAS 963  , RAMOS MEJIA, LA MATANZA, Buenos Aires, Argentina","LAPRIDA Y BELGRANO   BARRIO BAIRES, DON TORCUATO, TIGRE, Buenos Aires, Argentina","LAPRIDA Y BELGRANO   BARRIO BAIRES, DON TORCUATO, TIGRE, Buenos Aires, Argentina"
ANEXO II DE ESCUELA SECUNDARIA Nº8,"JUAN B.JUSTO Y ROSETTI 1296  , JOSE C PAZ, JOSE C. PAZ, Buenos Aires, Argentina","11 DE SETIEMBRE11 DE SETIEMBREE/ GUIDO Y CHARCAS 963  , RAMOS MEJIA, LA MATANZA, Buenos Aires, Argentina","11 DE SETIEMBRE11 DE SETIEMBREE/ GUIDO Y CHARCAS 963, LA MATANZA, Buenos Aires, Argentina"
ANEXO I DE ESCUELA SECUNDARIA Nº6,"BERNASCONI Y ESPACIO VERDE S/N  , ITUZAINGO, ITUZAINGO, Buenos Aires, Argentina","JUAN B.JUSTO Y ROSETTI 1296  , JOSE C PAZ, JOSE C. PAZ, Buenos Aires, Argentina","JUAN B.JUSTO Y ROSETTI 1296, JOSE C. PAZ, Buenos Aires, Argentina"
ESCUELA SECUNDARIA Nº10 16 DE SEPTIEMBRE,"L. DE LA TORRE ESQ. PARAGUAY 915  mm073010@yahoo.com.ar, MORENO, MORENO, Buenos Aires, Argentina","BERNASCONI Y ESPACIO VERDE S/N  , ITUZAINGO, ITUZAINGO, Buenos Aires, Argentina","BERNASCONI Y ESPACIO VERDE , ITUZAINGO, Buenos Aires, Argentina"
ANEXO I DE ESCUELA SECUNDARIA Nº2,"VIDELA Y HERTZ 1700  , ITUZAINGO, ITUZAINGO, Buenos Aires, Argentina","L. DE LA TORRE ESQ. PARAGUAY 915  mm073010@yahoo.com.ar, MORENO, MORENO, Buenos Aires, Argentina","L. DE LA TORRE ESQ. PARAGUAY 915  mm073010, MORENO, Buenos Aires, Argentina"
ESCUELA DE EDUCACIÓN SECUNDARIA TÉCNICA N°4 I BRIGADA AÉREA EL PALOMAR PROF. HÉCTOR A. LAGUARDE,"MATIENZO Y BERGAMINI S/N  , EL PALOMAR, MORON, Buenos Aires, Argentina","VIDELA Y HERTZ 1700  , ITUZAINGO, ITUZAINGO, Buenos Aires, Argentina","VIDELA Y HERTZ 1700, ITUZAINGO, Buenos Aires, Argentina"
ESCUELA SECUNDARIA Nº9 MARIA CLAUDIA FALCONE,"RIO NEGRO RIO IV Y SANTIAGO DEL ESTERO 10076  , PABLO PODESTA, TRES DE FEBRERO, Buenos Aires, Argentina","MATIENZO Y BERGAMINI S/N  , EL PALOMAR, MORON, Buenos Aires, Argentina","MATIENZO Y BERGAMINI , MORON, Buenos Aires, Argentina"
ESCUELA DE EDUCACIÓN SECUNDARIA TÉCNICA Nº3 NUESTRA SRA. DE LA MERCED,"EMANCIPADOR 10080  Villa 11 de Septiembre, LOMA HERMOSA, TRES DE FEBRERO, Buenos Aires, Argentina","RIO NEGRO RIO IV Y SANTIAGO DEL ESTERO 10076  , PABLO PODESTA, TRES DE FEBRERO, Buenos Aires, Argentina","RIO NEGRO RIO IV Y SANTIAGO DEL ESTERO 10076, TRES DE FEBRERO, Buenos Aires, Argentina"
ESCUELA SECUNDARIA Nº15 INDEPENDENCIA DEL PERU,"A.BOTTARO ( EX. PAZ ) 1125  , QUILMES, QUILMES, Buenos Aires, Argentina","EMANCIPADOR 10080  Villa 11 de Septiembre, LOMA HERMOSA, TRES DE FEBRERO, Buenos Aires, Argentina","EMANCIPADOR 10080  Villa 11, TRES DE FEBRERO, Buenos Aires, Argentina"
ESCUELA DE EDUCACIÓN SECUNDARIA TÉCNICA Nº1 ALFEREZ JOSÉ MARÍA SOBRAL,"RIO PARANA MINI Y CANAL 4-3ºSECC.ISLAS S/N  , 2º SECCION DE ISLAS, SAN FERNANDO, Buenos Aires, Argentina","A.BOTTARO ( EX. PAZ ) 1125  , QUILMES, QUILMES, Buenos Aires, Argentina","A.BOTTARO ( EX. PAZ ) 1125, QUILMES, Buenos Aires, Argentina"
ESCUELA DE EDUCACIÓN SECUNDARIA TÉCNICA Nº1 ALMIRANTE GUILLERMO BROWN,"ECUADOR E/ BOSSINGA Y 25 DE MAYO S/N  , ENSENADA, ENSENADA, Buenos Aires, Argentina","RIO PARANA MINI Y CANAL 4-3ºSECC.ISLAS S/N  , 2º SECCION DE ISLAS, SAN FERNANDO, Buenos Aires, Argentina","RIO PARANA MINI Y CANAL 4-3ºSECC.ISLAS , SAN FERNANDO, Buenos Aires, Argentina"
ESCUELA SECUNDARIA Nº30,"SIMON PEREZ Y LAZARO DE VENIALBO   LOS CEIBOS, GONZALEZ CATAN, LA MATANZA, Buenos Aires, Argentina","ECUADOR 25 DE MAYO S/N  , ENSENADA, ENSENADA, Buenos Aires, Argentina","ECUADOR 25 DE MAYO , ENSENADA, Buenos Aires, Argentina"
ESCUELA DE EDUCACIÓN SECUNDARIA TÉCNICA Nº9 CRUCERO ARA GENERAL BELGRANO,"TEMPERLEY E/ JUAN PABLO 1 Y DIAZ 945  , VILLA CELINA, LA MATANZA, Buenos Aires, Argentina","SIMON PEREZ Y LAZARO DE VENIALBO   LOS CEIBOS, GONZALEZ CATAN, LA MATANZA, Buenos Aires, Argentina","SIMON PEREZ Y LAZARO DE VENIALBO   LOS CEIBOS, GONZALEZ CATAN, LA MATANZA, Buenos Aires, Argentina"
ESCUELA SECUNDARIA Nº21,"CASTILLO Y TIBURON SECCION 3º CIRC. 50 S/N  , CIUDAD EVITA, LA MATANZA, Buenos Aires, Argentina","TEMPERLEY 1 Y DIAZ 945  , VILLA CELINA, LA MATANZA, Buenos Aires, Argentina","TEMPERLEY 1 Y DIAZ 945, LA MATANZA, Buenos Aires, Argentina"
ANEXO I DE ESCUELA SECUNDARIA Nº10,"COIHUE E/ MERCEDES Y FINOCHIETTO S/N  BARRIO DOÑA SOL, LONGCHAMPS, ALMIRANTE BROWN, Buenos Aires, Argentina","CASTILLO Y TIBURON SECCION 3º CIRC. 50 S/N  , CIUDAD EVITA, LA MATANZA, Buenos Aires, Argentina","CASTILLO Y TIBURON SECCION 3º CIRC. 50 , LA MATANZA, Buenos Aires, Argentina"
ESCUELA DE EDUCACIÓN SECUNDARIA TÉCNICA Nº3,"17 de Octubre (ex GOWLAND) 650  , CLAYPOLE, ALMIRANTE BROWN, Buenos Aires, Argentina","COIHUE E/ MERCEDES Y FINOCHIETTO S/N  BARRIO DOÑA SOL, LONGCHAMPS, ALMIRANTE BROWN, Buenos Aires, Argentina","COIHUE E/ MERCEDES Y FINOCHIETTO , ALMIRANTE BROWN, Buenos Aires, Argentina"
ESCUELA DE EDUCACIÓN SECUNDARIA TÉCNICA Nº3 PREFECTURA NAVAL ARGENTINA,"AV 101(ex Ricardo Balbin) 2281  , GENERAL SAN MARTIN, GENERAL SAN MARTIN, Buenos Aires, Argentina","17 de Octubre (ex GOWLAND) 650  , CLAYPOLE, ALMIRANTE BROWN, Buenos Aires, Argentina","17 de Octubre (ex GOWLAND) 650, ALMIRANTE BROWN, Buenos Aires, Argentina"
ESCUELA DE EDUCACIÓN SECUNDARIA TÉCNICA Nº7 JOSÉ HERNANDEZ,"ING. MARCONI E/ SARMIENTO Y 25 DE MAYO 745  , AVELLANEDA, AVELLANEDA, Buenos Aires, Argentina","AV 101(ex Ricardo Balbin) 2281  , GENERAL SAN MARTIN, GENERAL SAN MARTIN, Buenos Aires, Argentina","AV 101(ex Ricardo Balbin) 2281, GENERAL SAN MARTIN, Buenos Aires, Argentina"
ESCUELA SECUNDARIA Nº13 LIBERTADORES DE AMERICA,"PAMPA E/172 Y 172 BIS - BºSANTA MARIA 4324  , BERNAL, QUILMES, Buenos Aires, Argentina","ING. MARCONI 25 DE MAYO 745  , AVELLANEDA, AVELLANEDA, Buenos Aires, Argentina","ING. MARCONI 25 DE MAYO 745, AVELLANEDA, Buenos Aires, Argentina"
ESCUELA SECUNDARIS Nº3,"COLONIA Y BALLESTEROS S/N  , JOSE C PAZ, JOSE C. PAZ, Buenos Aires, Argentina","PAMPA 172 Y 172 BIS - BºSANTA MARIA 4324  , BERNAL, QUILMES, Buenos Aires, Argentina","PAMPA 172 Y 172 BIS - BºSANTA MARIA 4324, QUILMES, Buenos Aires, Argentina"
ESCUELA SECUNDARIA Nº2,"SANTOS VEGA Y ALAZAN S/N  , LLAVALLOL, LOMAS DE ZAMORA, Buenos Aires, Argentina","COLONIA Y BALLESTEROS S/N  , JOSE C PAZ, JOSE C. PAZ, Buenos Aires, Argentina","COLONIA Y BALLESTEROS , JOSE C. PAZ, Buenos Aires, Argentina"
ESCUELA SECUNDARIA Nº3,"ALEM Y ARISTOBULO DEL VALLE S/N  , GLEW, ALMIRANTE BROWN, Buenos Aires, Argentina","SANTOS VEGA Y ALAZAN S/N  , LLAVALLOL, LOMAS DE ZAMORA, Buenos Aires, Argentina","SANTOS VEGA Y ALAZAN , LOMAS DE ZAMORA, Buenos Aires, Argentina"
ESCUELA SECUNDARIA Nº8 GENERAL MARTIN MIGUEL DE GÜEMES,"MANZANA 25 CIRC 3 SEC 4 88433  , CIUDAD EVITA, LA MATANZA, Buenos Aires, Argentina","ALEM Y ARISTOBULO DEL VALLE S/N  , GLEW, ALMIRANTE BROWN, Buenos Aires, Argentina","ALEM Y ARISTOBULO DEL VALLE , ALMIRANTE BROWN, Buenos Aires, Argentina"
ESCUELA SECUNDARIA Nº26 MARIA EVA DUARTE DE PERÓN,"LANZA Y SUDAMERICA   BARRIO CENTRAL, RAFAEL CASTILLO, LA MATANZA, Buenos Aires, Argentina","MANZANA 25 CIRC 3 SEC 4 88433  , CIUDAD EVITA, LA MATANZA, Buenos Aires, Argentina","MANZANA 25 CIRC 3 SEC 4 88433, LA MATANZA, Buenos Aires, Argentina"
ESCUELA SECUNDARIA Nº7 DR. FCIO. VARELA,"PARRILLO 350  BARRIO 9 DE JULIO, FLORENCIO VARELA, FLORENCIO VARELA, Buenos Aires, Argentina","LANZA Y SUDAMERICA   BARRIO CENTRAL, RAFAEL CASTILLO, LA MATANZA, Buenos Aires, Argentina","LANZA Y SUDAMERICA   BARRIO CENTRAL, RAFAEL CASTILLO, LA MATANZA, Buenos Aires, Argentina"
ESCUELA SECUNDARIA Nº19 JUANA AZURDUY,"11 DE NOVIEMBRE Y LAMARTINE 570  , SAN ANTONIO DE PADUA, MERLO, Buenos Aires, Argentina","PARRILLO 350  BARRIO 9 DE JULIO, FLORENCIO VARELA, FLORENCIO VARELA, Buenos Aires, Argentina","PARRILLO 350  BARRIO 9, FLORENCIO VARELA, Buenos Aires, Argentina"
ESCUELA SECUNDARIA Nº24 DOMINGO FAUSTINO SARMIENTO,"PERIBEBUY E/ PEKIN Y ESPINOZA S/N  , ISIDRO CASANOVA, LA MATANZA, Buenos Aires, Argentina","11 DE NOVIEMBRE Y LAMARTINE 570  , SAN ANTONIO DE PADUA, MERLO, Buenos Aires, Argentina","11 DE NOVIEMBRE Y LAMARTINE 570, MERLO, Buenos Aires, Argentina"
ESCUELA SECUNDARIA Nº37,"JUAN JOFRE /LLERENA Y LUJAN 3267  , ISIDRO CASANOVA, LA MATANZA, Buenos Aires, Argentina","PERIBEBUY E/ PEKIN Y ESPINOZA S/N  , ISIDRO CASANOVA, LA MATANZA, Buenos Aires, Argentina","PERIBEBUY E/ PEKIN Y ESPINOZA , LA MATANZA, Buenos Aires, Argentina"
EXTENSION Nº1 DE SECUNDARIA Nº1,"HUMBERTO I Y LAVALLE 878  , LUJAN, LUJAN, Buenos Aires, Argentina","JUAN JOFRE /LLERENA Y LUJAN 3267  , ISIDRO CASANOVA, LA MATANZA, Buenos Aires, Argentina","JUAN JOFRE /LLERENA Y LUJAN 3267, LA MATANZA, Buenos Aires, Argentina"
ESCUELA SECUNDARIA Nº4 DR. RICARDO ROJAS,"Diag. 96 -ALSINA 4945  , VILLA BONICH, GENERAL SAN MARTIN, Buenos Aires, Argentina","HUMBERTO I Y LAVALLE 878  , LUJAN, LUJAN, Buenos Aires, Argentina","HUMBERTO I Y LAVALLE 878, LUJAN, Buenos Aires, Argentina"
ESCUELA SECUNDARIA Nº3,"NUÑEZ E/CUBA Y COLOMBIA S/N  , TORTUGUITAS, MALVINAS ARGENTINAS, Buenos Aires, Argentina","Diag. 96 -ALSINA 4945  , VILLA BONICH, GENERAL SAN MARTIN, Buenos Aires, Argentina","Diag. 96 -ALSINA 4945, GENERAL SAN MARTIN, Buenos Aires, Argentina"
EXTENSION Nº1 DE ESCUELA SECUNDARIA Nº3,"PASCO E/ YATASTO Y SEGUI   , PABLO NOGUES, MALVINAS ARGENTINAS, Buenos Aires, Argentina","NUÑEZ E/CUBA Y COLOMBIA S/N  , TORTUGUITAS, MALVINAS ARGENTINAS, Buenos Aires, Argentina","NUÑEZ E/CUBA Y COLOMBIA , MALVINAS ARGENTINAS, Buenos Aires, Argentina"
ESCUELA SECUNDARIA Nº4,"JOSE C. PAZ Y SAN CARLOS S/N  , CARLOS KEEN, LUJAN, Buenos Aires, Argentina","PASCO E/ YATASTO Y SEGUI   , PABLO NOGUES, MALVINAS ARGENTINAS, Buenos Aires, Argentina","PASCO E/ YATASTO Y SEGUI   , PABLO NOGUES, MALVINAS ARGENTINAS, Buenos Aires, Argentina"
EXTENSION DE SECUNDARIA Nº4,"MANUEL QUINTANA 550  , CARLOS KEEN, LUJAN, Buenos Aires, Argentina","JOSE C. PAZ Y SAN CARLOS S/N  , CARLOS KEEN, LUJAN, Buenos Aires, Argentina","JOSE C. PAZ Y SAN CARLOS , LUJAN, Buenos Aires, Argentina"
ESCUELA SECUNDARIA Nº52,"VILLARROEL (RUTA 3 KM 44,500 S/N  SAN MARIANO, VIRREY DEL PINO, LA MATANZA, Buenos Aires, Argentina","MANUEL QUINTANA 550  , CARLOS KEEN, LUJAN, Buenos Aires, Argentina","MANUEL QUINTANA 550, LUJAN, Buenos Aires, Argentina"
ESCUELA SECUNDARIA Nº15,"CORREA Y GUIRARDOT RUTA 3 KM 40 S/N  , VIRREY DEL PINO, LA MATANZA, Buenos Aires, Argentina","VILLARROEL (RUTA 3 KM 44,500 S/N  SAN MARIANO, VIRREY DEL PINO, LA MATANZA, Buenos Aires, Argentina","VILLARROEL (RUTA 3 KM 44, LA MATANZA, Buenos Aires, Argentina"
ESCUELA SECUNDARIA Nº2 FRAY LUIS BELTRAN,"MARCELO T.DE ALVEAR E/BANCALARI Y ALEM 71  , MATHEU, ESCOBAR, Buenos Aires, Argentina","CORREA Y GUIRARDOT RUTA 3 KM 40 S/N  , VIRREY DEL PINO, LA MATANZA, Buenos Aires, Argentina","CORREA Y GUIRARDOT RUTA 3 KM 40 , LA MATANZA, Buenos Aires, Argentina"
ESCUELA SECUNDARIA Nº2 SANTIAGO DE LINIER,"COLUMNA 189, AV. ALMTE. BROWN S/N  , PUNTA LARA, ENSENADA, Buenos Aires, Argentina","MARCELO T.DE ALVEAR 71  , MATHEU, ESCOBAR, Buenos Aires, Argentina","MARCELO T.DE ALVEAR 71, ESCOBAR, Buenos Aires, Argentina"
ESCUELA DE EDUCACIÓN SECUNDARIA TÉCNICA Nº2 SANTIAGO DE LINIERS,"HORACIO CESTINO Y GÜEMES S/N  , ENSENADA, ENSENADA, Buenos Aires, Argentina","COLUMNA 189, AV. ALMTE. BROWN S/N  , PUNTA LARA, ENSENADA, Buenos Aires, Argentina","COLUMNA 189, ENSENADA, Buenos Aires, Argentina"
ESCUELA DE EDUCACIÓN SECUNDARIA AGRARIA Nº1,"AVENIDA LA PLATA E/LAPRIDA Y ANDRADE S/N  EL DORADO, QUILMES, QUILMES, Buenos Aires, Argentina","HORACIO CESTINO Y GÜEMES S/N  , ENSENADA, ENSENADA, Buenos Aires, Argentina","HORACIO CESTINO Y GÜEMES , ENSENADA, Buenos Aires, Argentina"
ESCUELA DE EDUCACIÓN SECUNDARIA TÉCNICA Nº5 DR. SALVADOR DEBENEDETTI,"JUAN BAUTISTA PALAA E/ ALSINA Y 9 DE JULIO 747  , AVELLANEDA, AVELLANEDA, Buenos Aires, Argentina","AVENIDA LA PLATA E/LAPRIDA Y ANDRADE S/N  EL DORADO, QUILMES, QUILMES, Buenos Aires, Argentina","AVENIDA LA PLATA E/LAPRIDA Y ANDRADE , QUILMES, Buenos Aires, Argentina"
ESCUELA SECUNDARIA Nº39 CDTE. RAUL EUGENIO GOUBAT,"MANZ.16-SEC.1RA.-CIRC.1RA.   , CIUDAD EVITA, LA MATANZA, Buenos Aires, Argentina","JUAN BAUTISTA PALAA 9 DE JULIO 747  , AVELLANEDA, AVELLANEDA, Buenos Aires, Argentina","JUAN BAUTISTA PALAA 9 DE JULIO 747, AVELLANEDA, Buenos Aires, Argentina"
ESCUELA SECUNDARIA Nº7 LUIS F LELOIR,"ARENALES /CHACABUCO Y V.LINIERS 1945  , FLORIDA, VICENTE LOPEZ, Buenos Aires, Argentina","MANZ.16-SEC.1RA.-CIRC.1RA.   , CIUDAD EVITA, LA MATANZA, Buenos Aires, Argentina","MANZ.16-SEC.1RA.-CIRC.1, LA MATANZA, Buenos Aires, Argentina"
ESCUELA SECUNDARIA Nº7 GREGORIA MATORRAS,"PASO E/GARCIA LORCA E/ RICHIERI Y AV. S/N  BARRIO EJ.DE L.ANDES, CIUDADELA, TRES DE FEBRERO, Buenos Aires, Argentina","ARENALES /CHACABUCO Y V.LINIERS 1945  , FLORIDA, VICENTE LOPEZ, Buenos Aires, Argentina","ARENALES /CHACABUCO Y V.LINIERS 1945, VICENTE LOPEZ, Buenos Aires, Argentina"
EXTENSION DE ESCUELA SECUNDARIA Nº6,"RIVADAVIA E/ SAN LORENZO Y 1º JUNTA 4256  , BILLINGHURST, GENERAL SAN MARTIN, Buenos Aires, Argentina","PASO E/GARCIA LORCA E/ RICHIERI Y AV. S/N  BARRIO EJ.DE L.ANDES, CIUDADELA, TRES DE FEBRERO, Buenos Aires, Argentina","PASO E/GARCIA LORCA E/ RICHIERI Y AV. , TRES DE FEBRERO, Buenos Aires, Argentina"
ESCUELA SECUNDARIA Nº3 JORGE MACRI,"JUAN B. SARGIOTTI S/N  , JEPPENER, BRANDSEN, Buenos Aires, Argentina","RIVADAVIA 1º JUNTA 4256  , BILLINGHURST, GENERAL SAN MARTIN, Buenos Aires, Argentina","RIVADAVIA 1º JUNTA 4256, GENERAL SAN MARTIN, Buenos Aires, Argentina"
ESCUELA DE EDUCACIÓN SECUNDARIA TÉCNICA Nº11 ISLAS MALVINAS,"AV. MARTÍN MIGUEL DE GÜEMES 3860  , CIUDAD EVITA, LA MATANZA, Buenos Aires, Argentina","JUAN B. SARGIOTTI S/N  , JEPPENER, BRANDSEN, Buenos Aires, Argentina","JUAN B. SARGIOTTI , BRANDSEN, Buenos Aires, Argentina"
ESCUELA SECUNDARIA ESPECIALIZADA EN ARTE Nº1,"AV. FLEMING E\CORDOBA Y SAENZ VALIENTE 1621  , MARTINEZ, SAN ISIDRO, Buenos Aires, Argentina","AV. MARTÍN MIGUEL DE GÜEMES 3860  , CIUDAD EVITA, LA MATANZA, Buenos Aires, Argentina","AV. MARTÍN MIGUEL DE GÜEMES 3860, LA MATANZA, Buenos Aires, Argentina"
ESCUELA DE EDUCACIÓN SECUNDARIA TÉCNICA Nº3 15 DE SEPTIEMBRE,"25 DE MAYO E/ PRA JUNTA Y BROWN 714  , SAN ISIDRO, SAN ISIDRO, Buenos Aires, Argentina","AV. FLEMING E\CORDOBA Y SAENZ VALIENTE 1621  , MARTINEZ, SAN ISIDRO, Buenos Aires, Argentina","AV. FLEMING E\CORDOBA Y SAENZ VALIENTE 1621, SAN ISIDRO, Buenos Aires, Argentina"
ESCUELA SECUNDARIA Nº4,"DR. JOSE PENNA E/VIAMONTE Y LA TORRE 950  , DEL VISO, PILAR, Buenos Aires, Argentina","25 DE MAYO 25 DE MAYO E/ PRA JUNTA Y BROWN 714  , SAN ISIDRO, SAN ISIDRO, Buenos Aires, Argentina","25 DE MAYO 25 DE MAYO E/ PRA JUNTA Y BROWN 714, SAN ISIDRO, Buenos Aires, Argentina"
EXTENSION I DE ESCUELA SECUNDARIA Nº23,"F.SANCHEZ E/CASTRO Y RIBERO S/N  LA LOMA, LOMAS DE ZAMORA, LOMAS DE ZAMORA, Buenos Aires, Argentina","DR. JOSE PENNA 950  , DEL VISO, PILAR, Buenos Aires, Argentina","DR. JOSE PENNA 950, PILAR, Buenos Aires, Argentina"
ESCUELA DE EDUCACIÓN SECUNDARIA TÉCNICA Nº9 SOLDADO VÍCTOR RODRIGUEZ,"SOLDADO RODRIGUEZ Y MANUELA PEDRAZA   , BARRIO 2 DE ABRIL, LOMAS DE ZAMORA, Buenos Aires, Argentina","F.SANCHEZ E/CASTRO Y RIBERO S/N  LA LOMA, LOMAS DE ZAMORA, LOMAS DE ZAMORA, Buenos Aires, Argentina","F.SANCHEZ E/CASTRO Y RIBERO , LOMAS DE ZAMORA, Buenos Aires, Argentina"
ESCUELA SECUNDARIA Nº24,"CIPOLLETTI E/R. PALMA Y ESPRONCEDA   , INGENIERO BUDGE, LOMAS DE ZAMORA, Buenos Aires, Argentina","SOLDADO RODRIGUEZ Y MANUELA PEDRAZA   , BARRIO 2 DE ABRIL, LOMAS DE ZAMORA, Buenos Aires, Argentina","SOLDADO RODRIGUEZ Y MANUELA PEDRAZA   , BARRIO 2 DE ABRIL, LOMAS DE ZAMORA, Buenos Aires, Argentina"
ESCUELA SECUNDARIA Nº14,"SARCIONE E/ MANCO Y PAZ S/N  , CLAYPOLE, ALMIRANTE BROWN, Buenos Aires, Argentina","CIPOLLETTI E/R. PALMA Y ESPRONCEDA   , INGENIERO BUDGE, LOMAS DE ZAMORA, Buenos Aires, Argentina","CIPOLLETTI E/R. PALMA Y ESPRONCEDA   , INGENIERO BUDGE, LOMAS DE ZAMORA, Buenos Aires, Argentina"
ESCUELA SECUNDARIA Nº20,"Pedernera y Bulnes   BARRIO SAMORE, MERLO, MERLO, Buenos Aires, Argentina","SARCIONE E/ MANCO Y PAZ S/N  , CLAYPOLE, ALMIRANTE BROWN, Buenos Aires, Argentina","SARCIONE E/ MANCO Y PAZ , ALMIRANTE BROWN, Buenos Aires, Argentina"
EXTENSION I DE ESCUELA SECUNDARIA Nº20,"Paul groussac Alippi   , MERLO, MERLO, Buenos Aires, Argentina","Pedernera y Bulnes   BARRIO SAMORE, MERLO, MERLO, Buenos Aires, Argentina","Pedernera y Bulnes   BARRIO SAMORE, MERLO, MERLO, Buenos Aires, Argentina"
ESCUELA SECUNDARIA Nº8 PRESIDENTE PERON,"RIO PASTEUR Y TUCUMAN 2440  , SAN FERNANDO, SAN FERNANDO, Buenos Aires, Argentina","Paul groussac Alippi   , MERLO, MERLO, Buenos Aires, Argentina","Paul groussac Alippi   , MERLO, MERLO, Buenos Aires, Argentina"
CENTRO EDUCATIVO PARA LA PRODUCCIÓN TOTAL Nº18,"RUTA 54 KM 1,5 S/N  PARAJE LA PEPITA, CORONEL BRANDSEN, BRANDSEN, Buenos Aires, Argentina","RIO PASTEUR Y TUCUMAN 2440  , SAN FERNANDO, SAN FERNANDO, Buenos Aires, Argentina","RIO PASTEUR Y TUCUMAN 2440, SAN FERNANDO, Buenos Aires, Argentina"
ESCUELA POLIMODAL Nº12 HORACIO QUIROGA,"RIO SARMIENTO 402  ISLAS 1º SECCION, TIGRE, TIGRE, Buenos Aires, Argentina","RUTA 54 KM 1,5 S/N  PARAJE LA PEPITA, CORONEL BRANDSEN, BRANDSEN, Buenos Aires, Argentina","RUTA 54 KM 1, BRANDSEN, Buenos Aires, Argentina"
ESCUELA SECUNDARIA Nº21,"YAPEYU  (entre Arredondo y Mansilla) S/N  , WILDE, AVELLANEDA, Buenos Aires, Argentina","RIO SARMIENTO 402  ISLAS 1º SECCION, TIGRE, TIGRE, Buenos Aires, Argentina","RIO SARMIENTO 402  ISLAS 1, TIGRE, Buenos Aires, Argentina"
ESC. SECUNDARIA BASICA Nº1,"RAQUEL ESPAÑOL (EX MONTE) Y PINO 1465  , WILDE, AVELLANEDA, Buenos Aires, Argentina","YAPEYU  (entre Arredondo y Mansilla) S/N  , WILDE, AVELLANEDA, Buenos Aires, Argentina","YAPEYU  (entre Arredondo y Mansilla) , AVELLANEDA, Buenos Aires, Argentina"
ESCUELA DE EDUCACION SECUNDARIA Nº21,"ITUZAINGO E/ SAN MARTIN Y MORENO S/N  , BENAVIDEZ, TIGRE, Buenos Aires, Argentina","RAQUEL ESPAÑOL (EX MONTE) Y PINO 1465  , WILDE, AVELLANEDA, Buenos Aires, Argentina","RAQUEL ESPAÑOL (EX MONTE) Y PINO 1465, AVELLANEDA, Buenos Aires, Argentina"
ESCUELA SECUNDARIA Nº29,"PAYRO E/ MADARIAGA Y SANCHEZ 6050  LOMAS 25 DE MAYO, MARIANO MORENO, MORENO, Buenos Aires, Argentina","ITUZAINGO E/ SAN MARTIN Y MORENO S/N  , BENAVIDEZ, TIGRE, Buenos Aires, Argentina","ITUZAINGO E/ SAN MARTIN Y MORENO , TIGRE, Buenos Aires, Argentina"
ESCUELA SECUNDARIA Nº8,"SIDOTI 466  , ENSENADA, ENSENADA, Buenos Aires, Argentina","PAYRO 6050  LOMAS 25 DE MAYO, MARIANO MORENO, MORENO, Buenos Aires, Argentina","PAYRO 6050  LOMAS 25, MORENO, Buenos Aires, Argentina"
ESCUELA SECUNDARIA Nº22,"PADRE ROZA Y BALBU. 1018  , CAMPANA, CAMPANA, Buenos Aires, Argentina","SIDOTI 466  , ENSENADA, ENSENADA, Buenos Aires, Argentina","SIDOTI 466, ENSENADA, Buenos Aires, Argentina"
ESC. SECUNDARIA BASICA Nº2,"ORTEGA ESQ. ALSINA 929  SAN NORBERTO, MONTE GRANDE, ESTEBAN ECHEVERRIA, Buenos Aires, Argentina","PADRE ROZA Y BALBU. 1018  , CAMPANA, CAMPANA, Buenos Aires, Argentina","PADRE ROZA Y BALBU. 1018, CAMPANA, Buenos Aires, Argentina"
ESC. SECUNDARIA BASICA Nº6,"BS.AS Y LOS STUD 3315  RAYO DE SOL, LONGCHAMPS, ALMIRANTE BROWN, Buenos Aires, Argentina","ORTEGA ESQ. ALSINA 929  SAN NORBERTO, MONTE GRANDE, ESTEBAN ECHEVERRIA, Buenos Aires, Argentina","ORTEGA ESQ. ALSINA 929, ESTEBAN ECHEVERRIA, Buenos Aires, Argentina"
ESCUELA DE EDUCACIÓN SECUNDARIA Nº 26,"25 DE MAYO E/ LAS HERAS Y BALCARCE 1290  , CAMPANA, CAMPANA, Buenos Aires, Argentina","BS.AS Y LOS STUD 3315  RAYO DE SOL, LONGCHAMPS, ALMIRANTE BROWN, Buenos Aires, Argentina","BS.AS Y LOS STUD 3315, ALMIRANTE BROWN, Buenos Aires, Argentina"
ESC. SECUNDARIA BASICA Nº11,"CABILDO E/25 DE MAYO Y 17 DE AGOSTO 537  SIGLO XX, EL JAGÜEL, ESTEBAN ECHEVERRIA, Buenos Aires, Argentina","25 DE MAYO 25 DE MAYO E/ LAS HERAS Y BALCARCE 1290  , CAMPANA, CAMPANA, Buenos Aires, Argentina","25 DE MAYO 25 DE MAYO E/ LAS HERAS Y BALCARCE 1290, CAMPANA, Buenos Aires, Argentina"
ESCUELA DE EDUCACION SECUNDARIA Nº10,"HUGO GUILARTE ESQ. FLORESTA 1776  BARRIO SOL DE ORO, LA UNION, EZEIZA, Buenos Aires, Argentina","CABILDO 25 DE MAYO Y 17 DE AGOSTO 537  SIGLO XX, EL JAGÜEL, ESTEBAN ECHEVERRIA, Buenos Aires, Argentina","CABILDO 25 DE MAYO Y 17 DE AGOSTO 537, ESTEBAN ECHEVERRIA, Buenos Aires, Argentina"
ESCUELA SECUNDARIA Nº28,"PERITO MORENO E/ MAZZA Y VERDI S/N  BARRIO M. MORENO, LOS POLVORINES, MALVINAS ARGENTINAS, Buenos Aires, Argentina","HUGO GUILARTE ESQ. FLORESTA 1776  BARRIO SOL DE ORO, LA UNION, EZEIZA, Buenos Aires, Argentina","HUGO GUILARTE ESQ. FLORESTA 1776, EZEIZA, Buenos Aires, Argentina"
ESCUELA SECUNDARIA Nº12,"EMILIO LAMARCA Y JUAN NEPPER   LOMAS DE MARILO, BELLA VISTA, SAN MIGUEL, Buenos Aires, Argentina","PERITO MORENO E/ MAZZA Y VERDI S/N  BARRIO M. MORENO, LOS POLVORINES, MALVINAS ARGENTINAS, Buenos Aires, Argentina","PERITO MORENO E/ MAZZA Y VERDI , MALVINAS ARGENTINAS, Buenos Aires, Argentina"
ESCUELA SECUNDARIA Nº26,"MASCARDI E/ NAZCA Y PASCO S/N  PARAJE IPARRAGUIRRE, GRAND BOURG, MALVINAS ARGENTINAS, Buenos Aires, Argentina","EMILIO LAMARCA Y JUAN NEPPER   LOMAS DE MARILO, BELLA VISTA, SAN MIGUEL, Buenos Aires, Argentina","EMILIO LAMARCA Y JUAN NEPPER   LOMAS DE MARILO, BELLA VISTA, SAN MIGUEL, Buenos Aires, Argentina"
ESCUELA SECUNDARIA SECUNDARIA Nº89,"ZINNY(RUTA 3 KM.28.500) 5570  VILLA SCASSO, GONZALEZ CATAN, LA MATANZA, Buenos Aires, Argentina","MASCARDI E/ NAZCA Y PASCO S/N  PARAJE IPARRAGUIRRE, GRAND BOURG, MALVINAS ARGENTINAS, Buenos Aires, Argentina","MASCARDI E/ NAZCA Y PASCO , MALVINAS ARGENTINAS, Buenos Aires, Argentina"
ESCUELA SECUNDARIA Nº128,"R.ORTEGA Y ZARATE 2525  EL MIRADOR, GREGORIO DE LAFERRERE, LA MATANZA, Buenos Aires, Argentina","ZINNY(RUTA 3 KM.28.500) 5570  VILLA SCASSO, GONZALEZ CATAN, LA MATANZA, Buenos Aires, Argentina","ZINNY(RUTA 3 KM.28.500) 5570, LA MATANZA, Buenos Aires, Argentina"
ESCUELA DE EDUCACIÓN SECUNDARIA Nº46,"TORRENT E/ BARILOCHE Y CUENCA   ALMAFUERTE, BARRIO PARQUE SAN MARTIN, MERLO, Buenos Aires, Argentina","R.ORTEGA Y ZARATE 2525  EL MIRADOR, GREGORIO DE LAFERRERE, LA MATANZA, Buenos Aires, Argentina","R.ORTEGA Y ZARATE 2525, LA MATANZA, Buenos Aires, Argentina"
ESC. SECUNDARIA BASICA Nº15,"VERA DE ARAGON E/ MURILLO Y RIO PLATA S/N  BARRIO J. C. PAZ, MARIANO MORENO, MORENO, Buenos Aires, Argentina","TORRENT E/ BARILOCHE Y CUENCA   ALMAFUERTE, BARRIO PARQUE SAN MARTIN, MERLO, Buenos Aires, Argentina","TORRENT E/ BARILOCHE Y CUENCA   ALMAFUERTE, BARRIO PARQUE SAN MARTIN, MERLO, Buenos Aires, Argentina"
ESC. SECUNDARIA BASICA Nº5,"PARAMARIBO 199  PARQUE AMERICANO, GUERNICA, PRESIDENTE PERON, Buenos Aires, Argentina","VERA DE ARAGON E/ MURILLO Y RIO PLATA S/N  BARRIO J. C. PAZ, MARIANO MORENO, MORENO, Buenos Aires, Argentina","VERA DE ARAGON E/ MURILLO Y RIO PLATA , MORENO, Buenos Aires, Argentina"
ESCUELA SECUNDARIA Nº10,"SEG.SOMBRA E/CAMINO Y Z. DE SAN MARTIN 1540  , ITUZAINGO, ITUZAINGO, Buenos Aires, Argentina","PARAMARIBO 199  PARQUE AMERICANO, GUERNICA, PRESIDENTE PERON, Buenos Aires, Argentina","PARAMARIBO 199, PRESIDENTE PERON, Buenos Aires, Argentina"
ESC. SECUNDARIA BASICA Nº12,"PJE. IGLESIAS E/ CASACUBERTA Y GINASTA s/n  BARRIO MARINA, CASTELAR, MORON, Buenos Aires, Argentina","SEG.SOMBRA 1540  , ITUZAINGO, ITUZAINGO, Buenos Aires, Argentina","SEG.SOMBRA 1540, ITUZAINGO, Buenos Aires, Argentina"
ESCUELA SECUNDARIA Nº30,"UCRANIA Y PORTELA 841  , VALENTIN ALSINA, LANUS, Buenos Aires, Argentina","PJE. IGLESIAS E/ CASACUBERTA Y GINASTA s/n  BARRIO MARINA, CASTELAR, MORON, Buenos Aires, Argentina","PJE. IGLESIAS E/ CASACUBERTA Y GINASTA , MORON, Buenos Aires, Argentina"
ESC. SECUNDARIA BASICA Nº12,"FRAY JULIAN LAGOS Y CNEL. SAYOS 2113  , LANUS (ESTE Y OESTE), LANUS, Buenos Aires, Argentina","UCRANIA Y PORTELA 841  , VALENTIN ALSINA, LANUS, Buenos Aires, Argentina","UCRANIA Y PORTELA 841, LANUS, Buenos Aires, Argentina"
ESCUELA SECUNDARIA Nº23,"CESAR LARROCA 1050  , GARIN, ESCOBAR, Buenos Aires, Argentina","FRAY JULIAN LAGOS Y CNEL. SAYOS 2113  , LANUS (ESTE Y OESTE), LANUS, Buenos Aires, Argentina","FRAY JULIAN LAGOS Y CNEL. SAYOS 2113, LANUS, Buenos Aires, Argentina"
ESC. SECUNDARIA BASICA Nº9,"PRINCESA YOLANDA 1290  VILLA SABOYA, MATHEU, ESCOBAR, Buenos Aires, Argentina","CESAR LARROCA 1050  , GARIN, ESCOBAR, Buenos Aires, Argentina","CESAR LARROCA 1050, ESCOBAR, Buenos Aires, Argentina"
ESC. SECUNDARIA BASICA Nº13,"PIEDRABUENA Y SAN JAVIER S/N  BARRIO CABOT, GARIN, ESCOBAR, Buenos Aires, Argentina","PRINCESA YOLANDA 1290  VILLA SABOYA, MATHEU, ESCOBAR, Buenos Aires, Argentina","PRINCESA YOLANDA 1290, ESCOBAR, Buenos Aires, Argentina"
ESCUELA DE EDUCACIÓN SECUNDARIA Nº 32,"DINAMARCA (E/ PORTUGAL Y GRECIA) S/N  BARRIO SOL Y VERDE, JOSE C PAZ, JOSE C. PAZ, Buenos Aires, Argentina","PIEDRABUENA Y SAN JAVIER S/N  BARRIO CABOT, GARIN, ESCOBAR, Buenos Aires, Argentina","PIEDRABUENA Y SAN JAVIER , ESCOBAR, Buenos Aires, Argentina"
ESC. SECUNDARIA BASICA Nº37,"131 Y 642 ESTACION ARANA S/N  ARANA, LA PLATA, LA PLATA, Buenos Aires, Argentina","DINAMARCA (E/ PORTUGAL Y GRECIA) S/N  BARRIO SOL Y VERDE, JOSE C PAZ, JOSE C. PAZ, Buenos Aires, Argentina","DINAMARCA (E/ PORTUGAL Y GRECIA) , JOSE C. PAZ, Buenos Aires, Argentina"
ESCUELA SECUNDARIA Nº5,"MISSFELDER Y LINARI S/N  OLIDEN, OLIDEN, BRANDSEN, Buenos Aires, Argentina","131 Y 642 ESTACION ARANA S/N  ARANA, LA PLATA, LA PLATA, Buenos Aires, Argentina","131 Y 642 ESTACION ARANA , LA PLATA, Buenos Aires, Argentina"
ESCUELA DE EDUCACIÓN SECUNDARIA Nº53,"JONTE E/ FINLAY Y 24 DE NOVIEMBRE S/N  , MARIANO ACOSTA, MERLO, Buenos Aires, Argentina","MISSFELDER Y LINARI S/N  OLIDEN, OLIDEN, BRANDSEN, Buenos Aires, Argentina","MISSFELDER Y LINARI , BRANDSEN, Buenos Aires, Argentina"
ESCUELA DE EDUCACIÓN SECUNDARIA Nº38,"PILCOMAYO E/M. PEDRAZA Y WARNES   , LANUS, LANUS, Buenos Aires, Argentina","JONTE 24 DE NOVIEMBRE S/N  , MARIANO ACOSTA, MERLO, Buenos Aires, Argentina","JONTE 24 DE NOVIEMBRE , MERLO, Buenos Aires, Argentina"
ESCUELA DE EDUCACION SECUNDARIA Nº25,"M. CALDERON Y CANE - BO. GENDARMERIA 295  PJE. GENDARMERIA, GLEW, ALMIRANTE BROWN, Buenos Aires, Argentina","PILCOMAYO E/M. PEDRAZA Y WARNES   , LANUS, LANUS, Buenos Aires, Argentina","PILCOMAYO E/M. PEDRAZA Y WARNES   , LANUS, LANUS, Buenos Aires, Argentina"
ESCUELA DE EDUCACION SECUNDARIA Nº51,"PRIETO E/ ASAMBLEA Y DERQUI   , BURZACO, ALMIRANTE BROWN, Buenos Aires, Argentina","M. CALDERON Y CANE - BO. GENDARMERIA 295  PJE. GENDARMERIA, GLEW, ALMIRANTE BROWN, Buenos Aires, Argentina","M. CALDERON Y CANE - BO. GENDARMERIA 295, ALMIRANTE BROWN, Buenos Aires, Argentina"
ESC. SECUNDARIA BASICA Nº47,"EL GORRON Y SOLIS 2766  , RAFAEL CALZADA, ALMIRANTE BROWN, Buenos Aires, Argentina","PRIETO E/ ASAMBLEA Y DERQUI   , BURZACO, ALMIRANTE BROWN, Buenos Aires, Argentina","PRIETO E/ ASAMBLEA Y DERQUI   , BURZACO, ALMIRANTE BROWN, Buenos Aires, Argentina"
ESCUELA SECUNDARIA Nº34,"SANTA ANA E/ MURATURE Y RAMIREZ   , RAFAEL CALZADA, ALMIRANTE BROWN, Buenos Aires, Argentina","EL GORRON Y SOLIS 2766  , RAFAEL CALZADA, ALMIRANTE BROWN, Buenos Aires, Argentina","EL GORRON Y SOLIS 2766, ALMIRANTE BROWN, Buenos Aires, Argentina"
ESC. SECUNDARIA BASICA Nº62,"10 ESQ 2- MANZANA 37   DON ORIONE, CLAYPOLE, ALMIRANTE BROWN, Buenos Aires, Argentina","SANTA ANA E/ MURATURE Y RAMIREZ   , RAFAEL CALZADA, ALMIRANTE BROWN, Buenos Aires, Argentina","SANTA ANA E/ MURATURE Y RAMIREZ   , RAFAEL CALZADA, ALMIRANTE BROWN, Buenos Aires, Argentina"
ESCUELA DE EDUCACIÓN SECUNDARIA Nº47,"CALLE 17 E/5 Y 6 - MANZANA 23 - FRENTE A MZ.27 S/N  BARRIO DON ORIONE, CLAYPOLE, ALMIRANTE BROWN, Buenos Aires, Argentina","10 ESQ 2- MANZANA 37   DON ORIONE, CLAYPOLE, ALMIRANTE BROWN, Buenos Aires, Argentina","10 ESQ 2- MANZANA 37, ALMIRANTE BROWN, Buenos Aires, Argentina"
ESC. SECUNDARIA BASICA Nº12,"FILIBERTO ENTRE GUTIERREZ Y UGARTE 4037  AMERICA UNIDA, GUERNICA, PRESIDENTE PERON, Buenos Aires, Argentina","CALLE 17 17 E/5 Y 6 - MANZANA 23 - FRENTE A MZ.27 S/N  BARRIO DON ORIONE, CLAYPOLE, ALMIRANTE BROWN, Buenos Aires, Argentina","CALLE 17 17 E/5 Y 6 - MANZANA 23 - FRENTE A MZ.27 , ALMIRANTE BROWN, Buenos Aires, Argentina"
ESCUELA DE EDUCACIÓN SECUNDARIA Nº26,"NUEVA DHELI 1373  DON ORIONE, FLORENCIO VARELA, FLORENCIO VARELA, Buenos Aires, Argentina","FILIBERTO ENTRE GUTIERREZ Y UGARTE 4037  AMERICA UNIDA, GUERNICA, PRESIDENTE PERON, Buenos Aires, Argentina","FILIBERTO ENTRE GUTIERREZ Y UGARTE 4037, PRESIDENTE PERON, Buenos Aires, Argentina"
ESC. SECUNDARIA BASICA Nº39,"D'ANUNCIO Y L. DE LA TORRE 772  BOSQUES, FLORENCIO VARELA, FLORENCIO VARELA, Buenos Aires, Argentina","NUEVA DHELI 1373  DON ORIONE, FLORENCIO VARELA, FLORENCIO VARELA, Buenos Aires, Argentina","NUEVA DHELI 1373, FLORENCIO VARELA, Buenos Aires, Argentina"
ESCUELA SECUNDARIA Nº20,"COMBATE DE LOS POZOS Y CESAR CANTU. S/N  SANTA ANA, FLORENCIO VARELA, FLORENCIO VARELA, Buenos Aires, Argentina","D'ANUNCIO Y L. DE LA TORRE 772  BOSQUES, FLORENCIO VARELA, FLORENCIO VARELA, Buenos Aires, Argentina","D'ANUNCIO Y L. DE LA TORRE 772, FLORENCIO VARELA, Buenos Aires, Argentina"
ESCUELA DE EDUCACIÓN SECUNDARIA Nº 46,"DIAG. 180 E/ ARTIGAS Y S. DEL ESTERO 3528  , JOSE LEON SUAREZ, GENERAL SAN MARTIN, Buenos Aires, Argentina","COMBATE DE LOS POZOS Y CESAR CANTU. S/N  SANTA ANA, FLORENCIO VARELA, FLORENCIO VARELA, Buenos Aires, Argentina","COMBATE DE LOS POZOS Y CESAR CANTU. , FLORENCIO VARELA, Buenos Aires, Argentina"
ESCUELA SECUNDARIA Nº57,"B.DE IRIGOYEN E/14 DE JULIO Y ANCHOREN 750  , TEMPERLEY, LOMAS DE ZAMORA, Buenos Aires, Argentina","DIAG. 180 180 E/ ARTIGAS Y S. DEL ESTERO 3528  , JOSE LEON SUAREZ, GENERAL SAN MARTIN, Buenos Aires, Argentina","DIAG. 180 180 E/ ARTIGAS Y S. DEL ESTERO 3528, GENERAL SAN MARTIN, Buenos Aires, Argentina"
ESCUELA SECUNDARIA Nº67,"EL JAZMIN E/ACHIRA Y BAEZ LLORENTE S/N  LA LOMA, GONZALEZ CATAN, LA MATANZA, Buenos Aires, Argentina","B.DE IRIGOYEN 14 DE JULIO Y ANCHOREN 750  , TEMPERLEY, LOMAS DE ZAMORA, Buenos Aires, Argentina","B.DE IRIGOYEN 14 DE JULIO Y ANCHOREN 750, LOMAS DE ZAMORA, Buenos Aires, Argentina"
ESCUELA SECUNDARIA Nº35,"MARCOS SASTRE E/ AYACUCHO Y MAZA S/N  BARRIO LOS PARAISOS, MERLO, MERLO, Buenos Aires, Argentina","EL JAZMIN E/ACHIRA Y BAEZ LLORENTE S/N  LA LOMA, GONZALEZ CATAN, LA MATANZA, Buenos Aires, Argentina","EL JAZMIN E/ACHIRA Y BAEZ LLORENTE , LA MATANZA, Buenos Aires, Argentina"
ºESC. SECUNDARIA BASICA Nº28,"ALIPPI E/ PAGANO Y O'CONNORS S/N  Agustin Ferrari, MERLO, MERLO, Buenos Aires, Argentina","MARCOS SASTRE E/ AYACUCHO Y MAZA S/N  BARRIO LOS PARAISOS, MERLO, MERLO, Buenos Aires, Argentina","MARCOS SASTRE E/ AYACUCHO Y MAZA , MERLO, Buenos Aires, Argentina"
ESCUELA DE EDUCACIÓN SECUNDARIA Nº48,"PAGOLA ESQ. BALASTRO 795  , BARRIO PARQUE SAN MARTIN, MERLO, Buenos Aires, Argentina","ALIPPI E/ PAGANO Y O'CONNORS S/N  Agustin Ferrari, MERLO, MERLO, Buenos Aires, Argentina","ALIPPI E/ PAGANO Y O'CONNORS , MERLO, Buenos Aires, Argentina"
ESCUELA DE EDUCACIÓN SECUNDARIA Nº28,"AVDA LA PLATA E/SAN MAURO Y 1º DE MAYO 1751  , QUILMES, QUILMES, Buenos Aires, Argentina","PAGOLA ESQ. BALASTRO 795  , BARRIO PARQUE SAN MARTIN, MERLO, Buenos Aires, Argentina","PAGOLA ESQ. BALASTRO 795, MERLO, Buenos Aires, Argentina"
ESC. SECUNDARIA BASICA Nº35,"12 DE OCTUBRE E/ BARANDA Y ALVEAR 758  , QUILMES, QUILMES, Buenos Aires, Argentina","AVDA LA PLATA 1º DE MAYO 1751  , QUILMES, QUILMES, Buenos Aires, Argentina","AVDA LA PLATA 1º DE MAYO 1751, QUILMES, Buenos Aires, Argentina"
ESC. SECUNDARIA BASICA Nº65,"AVDA. PROVINCIAL ESQ. 849 S/N  , SAN FRANCISCO SOLANO, QUILMES, Buenos Aires, Argentina","12 DE OCTUBRE 12 DE OCTUBRE E/ BARANDA Y ALVEAR 758  , QUILMES, QUILMES, Buenos Aires, Argentina","12 DE OCTUBRE 12 DE OCTUBRE E/ BARANDA Y ALVEAR 758, QUILMES, Buenos Aires, Argentina"
ESC. SECUNDARIA BASICA Nº10,"CENTENARIO Y SAN FERMIN 339  , GUERNICA, PRESIDENTE PERON, Buenos Aires, Argentina","AVDA. PROVINCIAL ESQ. 849 S/N  , SAN FRANCISCO SOLANO, QUILMES, Buenos Aires, Argentina","AVDA. PROVINCIAL ESQ. 849 , QUILMES, Buenos Aires, Argentina"
ESCUELA DE EDUCACIÓN SECUNDARIA Nº16,"REPUBLICANA SUDAFRICANA 2764  , ITUZAINGO, ITUZAINGO, Buenos Aires, Argentina","CENTENARIO Y SAN FERMIN 339  , GUERNICA, PRESIDENTE PERON, Buenos Aires, Argentina","CENTENARIO Y SAN FERMIN 339, PRESIDENTE PERON, Buenos Aires, Argentina"
ESCUELA SECUNDARIA Nº36,"LANGENHEIM 1616  BARRIO MUNICIPAL, LONGCHAMPS, ALMIRANTE BROWN, Buenos Aires, Argentina","REPUBLICANA SUDAFRICANA 2764  , ITUZAINGO, ITUZAINGO, Buenos Aires, Argentina","REPUBLICANA SUDAFRICANA 2764, ITUZAINGO, Buenos Aires, Argentina"
ESCUELA DE EDUCACION SECUNDARIA Nº11,"HERNANDARIAS E/ QUITO Y R. DE JANEI S/N  SAN MARTA, TRISTAN SUAREZ, EZEIZA, Buenos Aires, Argentina","LANGENHEIM 1616  BARRIO MUNICIPAL, LONGCHAMPS, ALMIRANTE BROWN, Buenos Aires, Argentina","LANGENHEIM 1616, ALMIRANTE BROWN, Buenos Aires, Argentina"
ESCUELA SECUNDARIA Nº38,"ORFILA RICO Y MORGANTI   BARRIO P. CORIMAYO, BURZACO, ALMIRANTE BROWN, Buenos Aires, Argentina","HERNANDARIAS E/ QUITO Y R. DE JANEI S/N  SAN MARTA, TRISTAN SUAREZ, EZEIZA, Buenos Aires, Argentina","HERNANDARIAS E/ QUITO Y R. DE JANEI , EZEIZA, Buenos Aires, Argentina"
ESC. SECUNDARIA BASICA Nº23,"VILLEGAS E/COLON Y FARINA S/N  BARRIO POLICIAL, MONTE GRANDE, ESTEBAN ECHEVERRIA, Buenos Aires, Argentina","ORFILA RICO Y MORGANTI   BARRIO P. CORIMAYO, BURZACO, ALMIRANTE BROWN, Buenos Aires, Argentina","ORFILA RICO Y MORGANTI   BARRIO P. CORIMAYO, BURZACO, ALMIRANTE BROWN, Buenos Aires, Argentina"
ESCUELA SECUNDARIA Nº38,"BACH Y MOZART   , LOMA GRANDE, MERLO, Buenos Aires, Argentina","VILLEGAS E/COLON Y FARINA S/N  BARRIO POLICIAL, MONTE GRANDE, ESTEBAN ECHEVERRIA, Buenos Aires, Argentina","VILLEGAS E/COLON Y FARINA , ESTEBAN ECHEVERRIA, Buenos Aires, Argentina"
ESCUELA SECUNDARIA Nº19,"AUTOPISTA RICCHIERI Y NEWBERY S/N  , E.ECHEVERRIA, ESTEBAN ECHEVERRIA, Buenos Aires, Argentina","BACH Y MOZART   , LOMA GRANDE, MERLO, Buenos Aires, Argentina","BACH Y MOZART   , LOMA GRANDE, MERLO, Buenos Aires, Argentina"
ESCUELA DE EDUCACIÓN SECUNDARIA Nº51,"CALLE 1620 e/ CALLE 1647 y CALLE 1663 268  , COLONIA LA CAPILLA, FLORENCIO VARELA, Buenos Aires, Argentina","AUTOPISTA RICCHIERI Y NEWBERY S/N  , E.ECHEVERRIA, ESTEBAN ECHEVERRIA, Buenos Aires, Argentina","AUTOPISTA RICCHIERI Y NEWBERY , ESTEBAN ECHEVERRIA, Buenos Aires, Argentina"
ESCUELA DE EDUCACIÓN SECUNDARIA Nº19,"RIO TURBIO E/LAS CARABELAS Y LAS ANTILLAS   BARRIO TRES AMERICAS, CARLOS SPEGAZZIN, EZEIZA, Buenos Aires, Argentina","CALLE 1620 1620 e/ CALLE 1647 y CALLE 1663 268  , COLONIA LA CAPILLA, FLORENCIO VARELA, Buenos Aires, Argentina","CALLE 1620 1620 e/ CALLE 1647 y CALLE 1663 268, FLORENCIO VARELA, Buenos Aires, Argentina"
ESC. SECUNDARIA BASICA Nº53,"SAN NICOLAS Y ROSARIO   SAN MARTIN, FLORENCIO VARELA, FLORENCIO VARELA, Buenos Aires, Argentina","RIO TURBIO E/LAS CARABELAS Y LAS ANTILLAS   BARRIO TRES AMERICAS, CARLOS SPEGAZZIN, EZEIZA, Buenos Aires, Argentina","RIO TURBIO E/LAS CARABELAS Y LAS ANTILLAS   BARRIO TRES AMERICAS, CARLOS SPEGAZZIN, EZEIZA, Buenos Aires, Argentina"
ESC. SECUNDARIA BASICA Nº35,"CHASCOMUS Y JUFRE   BARRIO GOLF, LIBERTAD, MERLO, Buenos Aires, Argentina","SAN NICOLAS Y ROSARIO   SAN MARTIN, FLORENCIO VARELA, FLORENCIO VARELA, Buenos Aires, Argentina","SAN NICOLAS Y ROSARIO   SAN MARTIN, FLORENCIO VARELA, FLORENCIO VARELA, Buenos Aires, Argentina"
ESC. SECUNDARIA BASICA Nº59,"JUAN B. JUSTO E/ 335 Y ANDRADE 3402  , QUILMES, QUILMES, Buenos Aires, Argentina","CHASCOMUS Y JUFRE   BARRIO GOLF, LIBERTAD, MERLO, Buenos Aires, Argentina","CHASCOMUS Y JUFRE   BARRIO GOLF, LIBERTAD, MERLO, Buenos Aires, Argentina"
ESCUELA DE EDUCACION SECUNDARIA Nº36,"CALLE 187 E/ MONTEVIDEO Y COM FRANCO 609  , BERNAL, QUILMES, Buenos Aires, Argentina","JUAN B. JUSTO 335 Y ANDRADE 3402  , QUILMES, QUILMES, Buenos Aires, Argentina","JUAN B. JUSTO 335 Y ANDRADE 3402, QUILMES, Buenos Aires, Argentina"
ESCUELA DE EDUCACIÓN SECUNDARIA Nº21 NUESTRA SEÑORA DE LAS MERCEDES,"AVDA. VERGARA ESQ. A. FARIAS 352  , MORON, MORON, Buenos Aires, Argentina","CALLE 187 187 E/ MONTEVIDEO Y COM FRANCO 609  , BERNAL, QUILMES, Buenos Aires, Argentina","CALLE 187 187 E/ MONTEVIDEO Y COM FRANCO 609, QUILMES, Buenos Aires, Argentina"
ESC. SECUNDARIA BASICA Nº20,"AVDA. PEREZ QUINTANA Y GAONA 4500  , ITUZAINGO, ITUZAINGO, Buenos Aires, Argentina","AVDA. VERGARA ESQ. A. FARIAS 352  , MORON, MORON, Buenos Aires, Argentina","AVDA. VERGARA ESQ. A. FARIAS 352, MORON, Buenos Aires, Argentina"
ESCUELA SECUNDARIA Nº21,"CANAL DE PANAMA Y SAN BLAS   LA CABAÑA, JOSE C PAZ, JOSE C. PAZ, Buenos Aires, Argentina","AVDA. PEREZ QUINTANA Y GAONA 4500  , ITUZAINGO, ITUZAINGO, Buenos Aires, Argentina","AVDA. PEREZ QUINTANA Y GAONA 4500, ITUZAINGO, Buenos Aires, Argentina"
ESCUELA SECUNDARIA Nº16,"9 DE JULIO E/ JUJUY Y SALTA 24  , DIQUE LUJAN, TIGRE, Buenos Aires, Argentina","CANAL DE PANAMA Y SAN BLAS   LA CABAÑA, JOSE C PAZ, JOSE C. PAZ, Buenos Aires, Argentina","CANAL DE PANAMA Y SAN BLAS   LA CABAÑA, JOSE C PAZ, JOSE C. PAZ, Buenos Aires, Argentina"
ESC. SECUNDARIA BASICA Nº33,"BELGICA E/ LAVALLEJA Y GELLY OBES S/N  BARRIO ALTE BROWN, LOS TRONCOS DEL TALAR, TIGRE, Buenos Aires, Argentina","9 DE JULIO 9 DE JULIO E/ JUJUY Y SALTA 24  , DIQUE LUJAN, TIGRE, Buenos Aires, Argentina","9 DE JULIO 9 DE JULIO E/ JUJUY Y SALTA 24, TIGRE, Buenos Aires, Argentina"
ESC. SECUNDARIA BASICA Nº9,"MOZART Y BACH   LOMA GRANDE, MERLO, MERLO, Buenos Aires, Argentina","BELGICA E/ LAVALLEJA Y GELLY OBES S/N  BARRIO ALTE BROWN, LOS TRONCOS DEL TALAR, TIGRE, Buenos Aires, Argentina","BELGICA E/ LAVALLEJA Y GELLY OBES , TIGRE, Buenos Aires, Argentina"
ESCUELA DE EDUCACIÓN SECUNDARIA Nº 43,"WATT Y CASACUBERTA 5441  BARRIO 25 DE MAYO, MARIANO MORENO, MORENO, Buenos Aires, Argentina","MOZART Y BACH   LOMA GRANDE, MERLO, MERLO, Buenos Aires, Argentina","MOZART Y BACH   LOMA GRANDE, MERLO, MERLO, Buenos Aires, Argentina"
ESCUELA SECUNDARIA Nº34,"V. LOPEZ Y PLANES E/ JUNIN Y LUJAN S/N  LOMAS DE MARILO, MARIANO MORENO, MORENO, Buenos Aires, Argentina","WATT Y CASACUBERTA 5441  BARRIO 25 DE MAYO, MARIANO MORENO, MORENO, Buenos Aires, Argentina","WATT Y CASACUBERTA 5441  BARRIO 25, MORENO, Buenos Aires, Argentina"
ESCUELA SECUNDARIA Nº36,"ROMA E/ V. L. PLANES Y ESCALADA S/N  BARRIO BONGIAVANI, PASO DEL REY, MORENO, Buenos Aires, Argentina","V. LOPEZ Y PLANES E/ JUNIN Y LUJAN S/N  LOMAS DE MARILO, MARIANO MORENO, MORENO, Buenos Aires, Argentina","V. LOPEZ Y PLANES E/ JUNIN Y LUJAN , MORENO, Buenos Aires, Argentina"
ESC. SECUNDARIA BASICA Nº53,"AMBROSETTI E/ CAMPICHUELO Y G. SPANO S/N  L. DE CASASCO, MARIANO MORENO, MORENO, Buenos Aires, Argentina","ROMA E/ V. L. PLANES Y ESCALADA S/N  BARRIO BONGIAVANI, PASO DEL REY, MORENO, Buenos Aires, Argentina","ROMA E/ V. L. PLANES Y ESCALADA , MORENO, Buenos Aires, Argentina"
ESC. SECUNDARIA BASICA Nº57,"DR. LEON BOUCHET CUARTEL V 10565  BARRIO JOSE C. PAZ, MARIANO MORENO, MORENO, Buenos Aires, Argentina","AMBROSETTI E/ CAMPICHUELO Y G. SPANO S/N  L. DE CASASCO, MARIANO MORENO, MORENO, Buenos Aires, Argentina","AMBROSETTI E/ CAMPICHUELO Y G. SPANO , MORENO, Buenos Aires, Argentina"
ESC. SECUNDARIA BASICA Nº58,"HERNAN CORTEZ E/ LINCOLN Y COLON S/N  LOMAS DE MARILO, MARIANO MORENO, MORENO, Buenos Aires, Argentina","DR. LEON BOUCHET CUARTEL V 10565  BARRIO JOSE C. PAZ, MARIANO MORENO, MORENO, Buenos Aires, Argentina","DR. LEON BOUCHET CUARTEL V 10565, MORENO, Buenos Aires, Argentina"
ESC. SECUNDARIA BASICA Nº63,"PORTUGAL E/ MORENO Y EBERTH S/N  BARRIO IRIGOIN, MARIANO MORENO, MORENO, Buenos Aires, Argentina","HERNAN CORTEZ E/ LINCOLN Y COLON S/N  LOMAS DE MARILO, MARIANO MORENO, MORENO, Buenos Aires, Argentina","HERNAN CORTEZ E/ LINCOLN Y COLON , MORENO, Buenos Aires, Argentina"
ESC. SECUNDARIA BASICA Nº68,"MAGDALENA E/ STORNI Y PERICLES S/N  , MARIANO MORENO, MORENO, Buenos Aires, Argentina","PORTUGAL E/ MORENO Y EBERTH S/N  BARRIO IRIGOIN, MARIANO MORENO, MORENO, Buenos Aires, Argentina","PORTUGAL E/ MORENO Y EBERTH , MORENO, Buenos Aires, Argentina"
ESCUELA SECUNDARIA Nº27,"LA MUSICA. B. BELGRANO 2552  LA ESPERANZA, MARIANO MORENO, MORENO, Buenos Aires, Argentina","MAGDALENA E/ STORNI Y PERICLES S/N  , MARIANO MORENO, MORENO, Buenos Aires, Argentina","MAGDALENA E/ STORNI Y PERICLES , MORENO, Buenos Aires, Argentina"
ESC. SECUNDARIA BASICA Nº73,"LA PAMPA E/ BILBAO Y VTA. DE OBLIGADO S/N  BARRIO MAXIMO, CUARTEL V, MORENO, Buenos Aires, Argentina","LA MUSICA. B. BELGRANO 2552  LA ESPERANZA, MARIANO MORENO, MORENO, Buenos Aires, Argentina","LA MUSICA. B. BELGRANO 2552, MORENO, Buenos Aires, Argentina"
ESC. SECUNDARIA BASICA Nº74,"MEXICO E/ HONDURAS Y J. V. GONZALEZ   BARRIO YARAVI, MARIANO MORENO, MORENO, Buenos Aires, Argentina","LA PAMPA E/ BILBAO Y VTA. DE OBLIGADO S/N  BARRIO MAXIMO, CUARTEL V, MORENO, Buenos Aires, Argentina","LA PAMPA E/ BILBAO Y VTA. DE OBLIGADO , MORENO, Buenos Aires, Argentina"
ESC. SECUNDARIA BASICA Nº76,"LARRETA Y EL REBENQUE   BARRIO JARDINES I, MARIANO MORENO, MORENO, Buenos Aires, Argentina","MEXICO E/ HONDURAS Y J. V. GONZALEZ   BARRIO YARAVI, MARIANO MORENO, MORENO, Buenos Aires, Argentina","MEXICO E/ HONDURAS Y J. V. GONZALEZ   BARRIO YARAVI, MARIANO MORENO, MORENO, Buenos Aires, Argentina"
ESC. SECUNDARIA BASICA Nº40,"GODOY CRUZ E IRIARTE   BARRIO EL PRADO, BENAVIDEZ, TIGRE, Buenos Aires, Argentina","LARRETA Y EL REBENQUE   BARRIO JARDINES I, MARIANO MORENO, MORENO, Buenos Aires, Argentina","LARRETA Y EL REBENQUE   BARRIO JARDINES I, MARIANO MORENO, MORENO, Buenos Aires, Argentina"
ESC. SECUNDARIA Nº23,"VIRGEN COPACABANA 3091  , MERLO, MERLO, Buenos Aires, Argentina","GODOY CRUZ E IRIARTE   BARRIO EL PRADO, BENAVIDEZ, TIGRE, Buenos Aires, Argentina","GODOY CRUZ E IRIARTE   BARRIO EL PRADO, BENAVIDEZ, TIGRE, Buenos Aires, Argentina"
ESC. SECUNDARIA Nº5,"GARCILAZO DE LA VEGA Y SAN MARTIN S/N  SANTA ROSA, CAÑUELAS, CAÑUELAS, Buenos Aires, Argentina","VIRGEN COPACABANA 3091  , MERLO, MERLO, Buenos Aires, Argentina","VIRGEN COPACABANA 3091, MERLO, Buenos Aires, Argentina"
ESCUELA DE EDUCACIÓN SECUNDARIA Nº147,"VICTOR MARTINEZ Y AMAMBAY 350  ALTOS LAFERRERE, ISIDRO CASANOVA, LA MATANZA, Buenos Aires, Argentina","GARCILAZO DE LA VEGA Y SAN MARTIN S/N  SANTA ROSA, CAÑUELAS, CAÑUELAS, Buenos Aires, Argentina","GARCILAZO DE LA VEGA Y SAN MARTIN , CAÑUELAS, Buenos Aires, Argentina"
EXTENSION DE ESCUELA SECUNDARIA Nº84,"HUGO WAST   BARRIO LA ESPERANZA, NO FIGURA EN TABLA, LA MATANZA, Buenos Aires, Argentina","VICTOR MARTINEZ Y AMAMBAY 350  ALTOS LAFERRERE, ISIDRO CASANOVA, LA MATANZA, Buenos Aires, Argentina","VICTOR MARTINEZ Y AMAMBAY 350, LA MATANZA, Buenos Aires, Argentina"
ESCUELA SECUNDARIA Nº132,"LARRAYA Y AMAMBAY 450  , ISIDRO CASANOVA, LA MATANZA, Buenos Aires, Argentina","HUGO WAST   BARRIO LA ESPERANZA, NO FIGURA EN TABLA, LA MATANZA, Buenos Aires, Argentina","HUGO WAST   BARRIO LA ESPERANZA, NO FIGURA EN TABLA, LA MATANZA, Buenos Aires, Argentina"
ESCUELA SECUNDARIA Nº101,"VIRGILIO Y AMAMBAY 439  , ISIDRO CASANOVA, LA MATANZA, Buenos Aires, Argentina","LARRAYA Y AMAMBAY 450  , ISIDRO CASANOVA, LA MATANZA, Buenos Aires, Argentina","LARRAYA Y AMAMBAY 450, LA MATANZA, Buenos Aires, Argentina"
ESCUELA SECUNDARIA Nº123,"AZUL Y RUFINO ORTEGA S/N  PICALUGA, GONZALEZ CATAN, LA MATANZA, Buenos Aires, Argentina","VIRGILIO Y AMAMBAY 439  , ISIDRO CASANOVA, LA MATANZA, Buenos Aires, Argentina","VIRGILIO Y AMAMBAY 439, LA MATANZA, Buenos Aires, Argentina"
ESCUELA SECUNDARIA Nº124,"LEONARDO DA VINCI ESQ. ELIZALDE 7200  BARRIO LA LOMA, GREGORIO DE LAFERRERE, LA MATANZA, Buenos Aires, Argentina","AZUL Y RUFINO ORTEGA S/N  PICALUGA, GONZALEZ CATAN, LA MATANZA, Buenos Aires, Argentina","AZUL Y RUFINO ORTEGA , LA MATANZA, Buenos Aires, Argentina"
ESCUELA SECUNDARIA Nº86,"17 DE OCTUBRE E/ 200 Y 400 S/N  BARRIO BID, CIUDAD EVITA, LA MATANZA, Buenos Aires, Argentina","LEONARDO DA VINCI ESQ. ELIZALDE 7200  BARRIO LA LOMA, GREGORIO DE LAFERRERE, LA MATANZA, Buenos Aires, Argentina","LEONARDO DA VINCI ESQ. ELIZALDE 7200, LA MATANZA, Buenos Aires, Argentina"
ESCUELA DE EDUCACIÓN SECUNDARIA Nº161,"MARIA ADELIA Y MONTT 2011  EL LUCITANO, RAFAEL CASTILLO, LA MATANZA, Buenos Aires, Argentina","17 DE OCTUBRE 17 DE OCTUBRE E/ 200 Y 400 S/N  BARRIO BID, CIUDAD EVITA, LA MATANZA, Buenos Aires, Argentina","17 DE OCTUBRE 17 DE OCTUBRE E/ 200 Y 400 , LA MATANZA, Buenos Aires, Argentina"
ESCUELA DE EDUCACIÓN SECUNDARIA Nº153,"PEDRO OBLIGADO ESQ. PASAJE CÁDIZ 123  EL TAMBO, ISIDRO CASANOVA, LA MATANZA, Buenos Aires, Argentina","MARIA ADELIA Y MONTT 2011  EL LUCITANO, RAFAEL CASTILLO, LA MATANZA, Buenos Aires, Argentina","MARIA ADELIA Y MONTT 2011, LA MATANZA, Buenos Aires, Argentina"
ESCUELA SECUNDARIA Nº81,"PEDRO F. RUSSO (EX CALD. DE LA BARCA) 1502  , RAFAEL CASTILLO, LA MATANZA, Buenos Aires, Argentina","PEDRO OBLIGADO ESQ. PASAJE CÁDIZ 123  EL TAMBO, ISIDRO CASANOVA, LA MATANZA, Buenos Aires, Argentina","PEDRO OBLIGADO ESQ. PASAJE CÁDIZ 123, LA MATANZA, Buenos Aires, Argentina"
ESCUELA SECUNDARIA Nº85,"AVELINO DIAZ Y TIERRA 500  VTE LOPEZ, VILLA CELINA, LA MATANZA, Buenos Aires, Argentina","PEDRO F. RUSSO (EX CALD. DE LA BARCA) 1502  , RAFAEL CASTILLO, LA MATANZA, Buenos Aires, Argentina","PEDRO F. RUSSO (EX CALD. DE LA BARCA) 1502, LA MATANZA, Buenos Aires, Argentina"
ESCUELA SECUNDARIA Nº41,"CRUZ DEL SUR E/ SEMPERE Y URUGUAY S/N  , BURZACO, ALMIRANTE BROWN, Buenos Aires, Argentina","AVELINO DIAZ Y TIERRA 500  VTE LOPEZ, VILLA CELINA, LA MATANZA, Buenos Aires, Argentina","AVELINO DIAZ Y TIERRA 500, LA MATANZA, Buenos Aires, Argentina"
ESCUELA SECUNDARIA Nº9,"VICTOR MANUEL III -ESQ. CASTELLI -   LAS MANDARINAS, CORONEL BRANDSEN, BRANDSEN, Buenos Aires, Argentina","CRUZ DEL SUR E/ SEMPERE Y URUGUAY S/N  , BURZACO, ALMIRANTE BROWN, Buenos Aires, Argentina","CRUZ DEL SUR E/ SEMPERE Y URUGUAY , ALMIRANTE BROWN, Buenos Aires, Argentina"
EXTENSIÓN Nº1 DE ESCUELA SECUNDARIA Nº9,"RUTA Nº210 KM 61,500   , BARRIO PARQUE LAS ACACIAS, BRANDSEN, Buenos Aires, Argentina","VICTOR MANUEL III -ESQ. CASTELLI -   LAS MANDARINAS, CORONEL BRANDSEN, BRANDSEN, Buenos Aires, Argentina","VICTOR MANUEL III -ESQ. CASTELLI -   LAS MANDARINAS, CORONEL BRANDSEN, BRANDSEN, Buenos Aires, Argentina"
ESCUELA SECUNDARIA Nº8,"LOS RAULIES Y SIMON BOLIVAR S/N  , LA UNION, EZEIZA, Buenos Aires, Argentina","RUTA Nº210 KM 61,500   , BARRIO PARQUE LAS ACACIAS, BRANDSEN, Buenos Aires, Argentina","RUTA Nº210 KM 61, BRANDSEN, Buenos Aires, Argentina"
ESC. SECUNDARIA BASICA Nº33,"GORRITI Y HORQUETA CURA 258  SAN EMILIO, FLORENCIO VARELA, FLORENCIO VARELA, Buenos Aires, Argentina","LOS RAULIES Y SIMON BOLIVAR S/N  , LA UNION, EZEIZA, Buenos Aires, Argentina","LOS RAULIES Y SIMON BOLIVAR , EZEIZA, Buenos Aires, Argentina"
ESC. SECUNDARIA BASICA Nº6,"CONESA (E/ SARMIENTO Y VIAS) S/N  , MUÑIZ, SAN MIGUEL, Buenos Aires, Argentina","GORRITI Y HORQUETA CURA 258  SAN EMILIO, FLORENCIO VARELA, FLORENCIO VARELA, Buenos Aires, Argentina","GORRITI Y HORQUETA CURA 258, FLORENCIO VARELA, Buenos Aires, Argentina"
ESCUELA SECUNDARIA Nº16,"RIO II 62  BARRIO BARRUFALDI, BELLA VISTA, SAN MIGUEL, Buenos Aires, Argentina","CONESA (E/ SARMIENTO Y VIAS) S/N  , MUÑIZ, SAN MIGUEL, Buenos Aires, Argentina","CONESA (E/ SARMIENTO Y VIAS) , SAN MIGUEL, Buenos Aires, Argentina"
ESC. SECUNDARIA BASICA Nº33,"GHANDI E/9 DE JULIO Y CHORROARIN S/N  BARRIO EL SOL, LOS POLVORINES, MALVINAS ARGENTINAS, Buenos Aires, Argentina","RIO II 62  BARRIO BARRUFALDI, BELLA VISTA, SAN MIGUEL, Buenos Aires, Argentina","RIO II 62, SAN MIGUEL, Buenos Aires, Argentina"
ESCUELA DE EDUCACIÓN SECUNDARIA Nº33,"LOS CRISANTEMOS ENTRE LAS ROSAS Y CLA 1125  BARRIO LOS CACHORROS, DEL VISO, PILAR, Buenos Aires, Argentina","GHANDI 9 DE JULIO Y CHORROARIN S/N  BARRIO EL SOL, LOS POLVORINES, MALVINAS ARGENTINAS, Buenos Aires, Argentina","GHANDI 9 DE JULIO Y CHORROARIN , MALVINAS ARGENTINAS, Buenos Aires, Argentina"
ESCUELA SECUNDARIA Nº15,"ALMAFUERTE Y DEL PACIFICO 3390  , SANTOS LUGARES, TRES DE FEBRERO, Buenos Aires, Argentina","LOS CRISANTEMOS ENTRE LAS ROSAS Y CLA 1125  BARRIO LOS CACHORROS, DEL VISO, PILAR, Buenos Aires, Argentina","LOS CRISANTEMOS ENTRE LAS ROSAS Y CLA 1125, PILAR, Buenos Aires, Argentina"
ESCUELA SECUNDARIA Nº16,"MARIA EVA D. DE PERON Y GRAL. PINTO S/N  BARRIO LAS ACACIAS, JOSE C PAZ, JOSE C. PAZ, Buenos Aires, Argentina","ALMAFUERTE Y DEL PACIFICO 3390  , SANTOS LUGARES, TRES DE FEBRERO, Buenos Aires, Argentina","ALMAFUERTE Y DEL PACIFICO 3390, TRES DE FEBRERO, Buenos Aires, Argentina"
ESCUELA SECUNDARIA Nº18,"SANTA MARIA E/ ALTUBE Y COLON S/N  MIRADOR DE ALTUBE, JOSE C PAZ, JOSE C. PAZ, Buenos Aires, Argentina","MARIA EVA D. DE PERON Y GRAL. PINTO S/N  BARRIO LAS ACACIAS, JOSE C PAZ, JOSE C. PAZ, Buenos Aires, Argentina","MARIA EVA D. DE PERON Y GRAL. PINTO , JOSE C. PAZ, Buenos Aires, Argentina"
ESC. SECUNDARIA BASICA Nº18,"WILLAMS MORRIS (E/ NAPOLES Y 1º JUNTA) 2749  BARRIO PARQUE, SAN MIGUEL, SAN MIGUEL, Buenos Aires, Argentina","SANTA MARIA E/ ALTUBE Y COLON S/N  MIRADOR DE ALTUBE, JOSE C PAZ, JOSE C. PAZ, Buenos Aires, Argentina","SANTA MARIA E/ ALTUBE Y COLON , JOSE C. PAZ, Buenos Aires, Argentina"
ESC. SECUNDARIA BASICA Nº17,".RUTA PROVINCIAL Nº27 Y CEBEY 5687  GUAZU NAMBI, TIGRE, TIGRE, Buenos Aires, Argentina","WILLAMS MORRIS (1º JUNTA) 2749  BARRIO PARQUE, SAN MIGUEL, SAN MIGUEL, Buenos Aires, Argentina","WILLAMS MORRIS (1º JUNTA) 2749, SAN MIGUEL, Buenos Aires, Argentina"
ESCUELA SECUNDARIA Nº32,"BARKER E/ ASCASUBI y CARRIEGO S/N  BARRIO VILLANUEVA, MARIANO MORENO, MORENO, Buenos Aires, Argentina",".RUTA PROVINCIAL Nº27 Y CEBEY 5687  GUAZU NAMBI, TIGRE, TIGRE, Buenos Aires, Argentina",".RUTA PROVINCIAL Nº27 Y CEBEY 5687, TIGRE, Buenos Aires, Argentina"
EXTENSION I DE ESCUELA DE EDUCACIÓN SECUNDARIA Nº 27,"ISLANDIA Y SAN NICOLÁS   BARRIO SAN LUIS, BELEN DE ESCOBAR, ESCOBAR, Buenos Aires, Argentina","BARKER E/ ASCASUBI y CARRIEGO S/N  BARRIO VILLANUEVA, MARIANO MORENO, MORENO, Buenos Aires, Argentina","BARKER E/ ASCASUBI y CARRIEGO , MORENO, Buenos Aires, Argentina"
ESC. SECUNDARIA BASICA Nº30,"NORUEGA Y BELIERA ( RUTA 26 KM 5 S/N  , MAQUINISTA SAVIO, PILAR, Buenos Aires, Argentina","ISLANDIA Y SAN NICOLÁS   BARRIO SAN LUIS, BELEN DE ESCOBAR, ESCOBAR, Buenos Aires, Argentina","ISLANDIA Y SAN NICOLÁS   BARRIO SAN LUIS, BELEN DE ESCOBAR, ESCOBAR, Buenos Aires, Argentina"
ESC. SECUNDARIA BASICA Nº7,"DIRECTORIO Y CENTENARIO 45  BARRIO EVA PERON, SAN VICENTE, SAN VICENTE, Buenos Aires, Argentina","NORUEGA Y BELIERA ( RUTA 26 KM 5 S/N  , MAQUINISTA SAVIO, PILAR, Buenos Aires, Argentina","NORUEGA Y BELIERA ( RUTA 26 KM 5 , PILAR, Buenos Aires, Argentina"
ESCUELA DE EDUCACIÓN SECUNDARIA Nº50,"PASOS DE LOS LIBRES Y ESPOSOS CURIE 2233  , MONTECUDINE, FLORENCIO VARELA, Buenos Aires, Argentina","DIRECTORIO Y CENTENARIO 45  BARRIO EVA PERON, SAN VICENTE, SAN VICENTE, Buenos Aires, Argentina","DIRECTORIO Y CENTENARIO 45, SAN VICENTE, Buenos Aires, Argentina"
EXTENSION DE ESB Nº6,"ABDALA Y CALLAO   BARRIO JUAN JOS, GENERAL RODRIGUEZ, GENERAL RODRIGUEZ, Buenos Aires, Argentina","PASOS DE LOS LIBRES Y ESPOSOS CURIE 2233  , MONTECUDINE, FLORENCIO VARELA, Buenos Aires, Argentina","PASOS DE LOS LIBRES Y ESPOSOS CURIE 2233, FLORENCIO VARELA, Buenos Aires, Argentina"
ESC. SECUNDARIA BASICA Nº7,"CTEL.III CAÑADA DE ARIAS S/N  , GENERAL RODRIGUEZ, GENERAL RODRIGUEZ, Buenos Aires, Argentina","ABDALA Y CALLAO   BARRIO JUAN JOS, GENERAL RODRIGUEZ, GENERAL RODRIGUEZ, Buenos Aires, Argentina","ABDALA Y CALLAO   BARRIO JUAN JOS, GENERAL RODRIGUEZ, GENERAL RODRIGUEZ, Buenos Aires, Argentina"
EXTENSION DE ESB Nº7,"LUIS SIRONI Y RUT PROVINCIAL. Nº 6   , GENERAL RODRIGUEZ, GENERAL RODRIGUEZ, Buenos Aires, Argentina","CTEL.III CAÑADA DE ARIAS S/N  , GENERAL RODRIGUEZ, GENERAL RODRIGUEZ, Buenos Aires, Argentina","CTEL.III CAÑADA DE ARIAS , GENERAL RODRIGUEZ, Buenos Aires, Argentina"
ESCUELA SECUNDARIA Nº51,"MERCEDES (EX POBLADORA) 450  , LLAVALLOL, LOMAS DE ZAMORA, Buenos Aires, Argentina","LUIS SIRONI Y RUT PROVINCIAL. Nº 6   , GENERAL RODRIGUEZ, GENERAL RODRIGUEZ, Buenos Aires, Argentina","LUIS SIRONI Y RUT PROVINCIAL. Nº 6, GENERAL RODRIGUEZ, Buenos Aires, Argentina"
ESC. SECUNDARIA BASICA Nº59,"FIGUEREDO Y CNO.NEGRO 1525  PTE. LA NORIA, INGENIERO BUDGE, LOMAS DE ZAMORA, Buenos Aires, Argentina","MERCEDES (EX POBLADORA) 450  , LLAVALLOL, LOMAS DE ZAMORA, Buenos Aires, Argentina","MERCEDES (EX POBLADORA) 450, LOMAS DE ZAMORA, Buenos Aires, Argentina"
ESCUELA SECUNDARIA Nº49,"ORAN Y OSTENDE 599  PARAJE VILLA LA MADRID, BANFIELD, LOMAS DE ZAMORA, Buenos Aires, Argentina","FIGUEREDO Y CNO.NEGRO 1525  PTE. LA NORIA, INGENIERO BUDGE, LOMAS DE ZAMORA, Buenos Aires, Argentina","FIGUEREDO Y CNO.NEGRO 1525, LOMAS DE ZAMORA, Buenos Aires, Argentina"
ESC. SECUNDARIA BASICA Nº21,"ING. BAZ Y G. DEL MOLINO 1694  , VILLA ROSA, PILAR, Buenos Aires, Argentina","ORAN Y OSTENDE 599  PARAJE VILLA LA MADRID, BANFIELD, LOMAS DE ZAMORA, Buenos Aires, Argentina","ORAN Y OSTENDE 599, LOMAS DE ZAMORA, Buenos Aires, Argentina"
ESC. SECUNDARIA BASICA Nº27,"BUSTAMANTE E/ GURRUCHAGA Y FLORES S/N  BARRIO CARTERO, HURLINGHAM, HURLINGHAM, Buenos Aires, Argentina","ING. BAZ Y G. DEL MOLINO 1694  , VILLA ROSA, PILAR, Buenos Aires, Argentina","ING. BAZ Y G. DEL MOLINO 1694, PILAR, Buenos Aires, Argentina"
ESCUELA SECUNDARIA Nº15,"JUAN NARDO 425  OTAMENDI, CAMPANA, CAMPANA, Buenos Aires, Argentina","BUSTAMANTE E/ GURRUCHAGA Y FLORES S/N  BARRIO CARTERO, HURLINGHAM, HURLINGHAM, Buenos Aires, Argentina","BUSTAMANTE E/ GURRUCHAGA Y FLORES , HURLINGHAM, Buenos Aires, Argentina"
ESCUELA DE EDUCACIÓN SECUNDARIA Nº 28,"ANDRES DEL PINO E/ ARENALES Y VIAMONTE S/N  , CAMPANA, CAMPANA, Buenos Aires, Argentina","JUAN NARDO 425  OTAMENDI, CAMPANA, CAMPANA, Buenos Aires, Argentina","JUAN NARDO 425, CAMPANA, Buenos Aires, Argentina"
ESC. SECUNDARIA BASICA Nº15,"J.HERNANDEZ E/ T. ENCINA Y STORNI S/N  LAS MALVINAS, GENERAL RODRIGUEZ, GENERAL RODRIGUEZ, Buenos Aires, Argentina","ANDRES DEL PINO E/ ARENALES Y VIAMONTE S/N  , CAMPANA, CAMPANA, Buenos Aires, Argentina","ANDRES DEL PINO E/ ARENALES Y VIAMONTE , CAMPANA, Buenos Aires, Argentina"
EXTENSION DE ESB Nº8,"SAN MARTIN E/ARTIGAS DE ROSAS   , B VISTA LINDA, GENERAL RODRIGUEZ, Buenos Aires, Argentina","J.HERNANDEZ E/ T. ENCINA Y STORNI S/N  LAS MALVINAS, GENERAL RODRIGUEZ, GENERAL RODRIGUEZ, Buenos Aires, Argentina","J.HERNANDEZ E/ T. ENCINA Y STORNI , GENERAL RODRIGUEZ, Buenos Aires, Argentina"
ESCUELA SECUNDARIA Nº8,"RUTA PROVINCIAL Nº4 KM 1.5 S/N  RIO LUJAN, RIO LUJAN, CAMPANA, Buenos Aires, Argentina","SAN MARTIN E/ARTIGAS DE ROSAS   , B VISTA LINDA, GENERAL RODRIGUEZ, Buenos Aires, Argentina","SAN MARTIN E/ARTIGAS DE ROSAS   , B VISTA LINDA, GENERAL RODRIGUEZ, Buenos Aires, Argentina"
ESC. SECUNDARIA BASICA Nº45,"ARROYO ESPERA Y ARROYO GELVEZ 168  ISLAS DEL DELTA, ISLAS, TIGRE, Buenos Aires, Argentina","RUTA PROVINCIAL Nº4 KM 1.5 S/N  RIO LUJAN, RIO LUJAN, CAMPANA, Buenos Aires, Argentina","RUTA PROVINCIAL Nº4 KM 1.5 , CAMPANA, Buenos Aires, Argentina"
EXTENSION DE ESB Nº45,"ARROYO TORO Y TORITO 561  ISLAS, TIGRE, TIGRE, Buenos Aires, Argentina","ARROYO ESPERA Y ARROYO GELVEZ 168  ISLAS DEL DELTA, ISLAS, TIGRE, Buenos Aires, Argentina","ARROYO ESPERA Y ARROYO GELVEZ 168, TIGRE, Buenos Aires, Argentina"
ESCUELA SECUNDARIA Nº15,"PIO COLLIVADINO 267  , BANFIELD, LOMAS DE ZAMORA, Buenos Aires, Argentina","ARROYO TORO Y TORITO 561  ISLAS, TIGRE, TIGRE, Buenos Aires, Argentina","ARROYO TORO Y TORITO 561, TIGRE, Buenos Aires, Argentina"
ESCUELA SECUNDARIA Nº43,"ISLANDIA E/ MORAZAN Y FILARDI   PARAJE LA CAVA, VILLA FIORITO, LOMAS DE ZAMORA, Buenos Aires, Argentina","PIO COLLIVADINO 267  , BANFIELD, LOMAS DE ZAMORA, Buenos Aires, Argentina","PIO COLLIVADINO 267, LOMAS DE ZAMORA, Buenos Aires, Argentina"
ESC. SECUNDARIA BASICA Nº76,"MARINERO LOPEZ E/OTAMENDI Y ALSINA 575  LA RIBERA, QUILMES, QUILMES, Buenos Aires, Argentina","ISLANDIA E/ MORAZAN Y FILARDI   PARAJE LA CAVA, VILLA FIORITO, LOMAS DE ZAMORA, Buenos Aires, Argentina","ISLANDIA E/ MORAZAN Y FILARDI   PARAJE LA CAVA, VILLA FIORITO, LOMAS DE ZAMORA, Buenos Aires, Argentina"
ESCUELA SECUNDARIA Nº10,"LAS HERAS Y BAT. 24 DE FEBRERO 4150  RINCON DEL CAZADOR, BELEN DE ESCOBAR, ESCOBAR, Buenos Aires, Argentina","MARINERO LOPEZ 575  LA RIBERA, QUILMES, QUILMES, Buenos Aires, Argentina","MARINERO LOPEZ 575, QUILMES, Buenos Aires, Argentina"
ESCUELA SECUNDARIA Nº11 CARLOS FUENTEALBA,"BUEN ARE E/25 DE AGOSTO Y 18 DE JULIO 2700  , GARIN, ESCOBAR, Buenos Aires, Argentina","LAS HERAS Y BAT. 24 DE FEBRERO 4150  RINCON DEL CAZADOR, BELEN DE ESCOBAR, ESCOBAR, Buenos Aires, Argentina","LAS HERAS Y BAT. 24 DE FEBRERO 4150, ESCOBAR, Buenos Aires, Argentina"
ESCUELA SECUNDARIA Nº33,"LA TABLADA Y DE LA SERNA 7700  BARRIO SAN CARLOS, MORENO, MORENO, Buenos Aires, Argentina","BUEN ARE 25 DE AGOSTO Y 18 DE JULIO 2700  , GARIN, ESCOBAR, Buenos Aires, Argentina","BUEN ARE 25 DE AGOSTO Y 18 DE JULIO 2700, ESCOBAR, Buenos Aires, Argentina"
EXTENSION DE ESB Nº46,"RIO LUJAN - VILLA IRSA - CUARTEL V S/N  RIO LUJAN / VILLA IRSA - CUARTEL V, TIGRE, TIGRE, Buenos Aires, Argentina","LA TABLADA Y DE LA SERNA 7700  BARRIO SAN CARLOS, MORENO, MORENO, Buenos Aires, Argentina","LA TABLADA Y DE LA SERNA 7700, MORENO, Buenos Aires, Argentina"
ESCUELA SECUNDARIA Nº129,"CHAVARRIA Y AMAMBAY (ANT.LUIS M.DRAGO) 500  , RAFAEL CASTILLO, LA MATANZA, Buenos Aires, Argentina","RIO LUJAN - VILLA IRSA - CUARTEL V S/N  RIO LUJAN / VILLA IRSA - CUARTEL V, TIGRE, TIGRE, Buenos Aires, Argentina","RIO LUJAN - VILLA IRSA - CUARTEL V , TIGRE, Buenos Aires, Argentina"
ESCUELA SECUNDARIA Nº25,"ARROYO DURAZNO   PARAJE ISLAS, ARROYO DURAZNO, SAN FERNANDO, Buenos Aires, Argentina","CHAVARRIA Y AMAMBAY (ANT.LUIS M.DRAGO) 500  , RAFAEL CASTILLO, LA MATANZA, Buenos Aires, Argentina","CHAVARRIA Y AMAMBAY (ANT.LUIS M.DRAGO) 500, LA MATANZA, Buenos Aires, Argentina"
ESCUELA SECUNDARIA Nº5,"ROLDAN Y A.TROILO   BARRIO EL ZORZAL, MARCOS PAZ, MARCOS PAZ, Buenos Aires, Argentina","ARROYO DURAZNO   PARAJE ISLAS, ARROYO DURAZNO, SAN FERNANDO, Buenos Aires, Argentina","ARROYO DURAZNO   PARAJE ISLAS, ARROYO DURAZNO, SAN FERNANDO, Buenos Aires, Argentina"
ESCUELA SECUNDARIA Nº3,"RUTA 1003 KM 45 CUARTEL II S/N  , MARCOS PAZ, MARCOS PAZ, Buenos Aires, Argentina","ROLDAN Y A.TROILO   BARRIO EL ZORZAL, MARCOS PAZ, MARCOS PAZ, Buenos Aires, Argentina","ROLDAN Y A.TROILO   BARRIO EL ZORZAL, MARCOS PAZ, MARCOS PAZ, Buenos Aires, Argentina"
ESCUELA SECUNDARIA Nº17,"ARTURO FRONDIZI   , ALMIRANTE IRIZAR, PILAR, Buenos Aires, Argentina","RUTA 1003 KM 45 CUARTEL II S/N  , MARCOS PAZ, MARCOS PAZ, Buenos Aires, Argentina","RUTA 1003 KM 45 CUARTEL II , MARCOS PAZ, Buenos Aires, Argentina"
EXTENSION Nº1 DE ESCUELA SECUNDARIA Nº17,"ISLA LENOX Y BASE ESPERANZA   BARRIO CARABASSA, PILAR, PILAR, Buenos Aires, Argentina","ARTURO FRONDIZI   , ALMIRANTE IRIZAR, PILAR, Buenos Aires, Argentina","ARTURO FRONDIZI   , ALMIRANTE IRIZAR, PILAR, Buenos Aires, Argentina"
ESC. SECUNDARIA BASICA Nº90,"IND.GOMEZ E/B.ENCALADA Y ACHUPALLAS 502  LA PERLA, TEMPERLEY, LOMAS DE ZAMORA, Buenos Aires, Argentina","ISLA LENOX Y BASE ESPERANZA   BARRIO CARABASSA, PILAR, PILAR, Buenos Aires, Argentina","ISLA LENOX Y BASE ESPERANZA   BARRIO CARABASSA, PILAR, PILAR, Buenos Aires, Argentina"
ESCUELA DE EDUCACIÓN SECUNDARIA TÉCNICA Nº8,"175 bis e/ PILCOMAYO y PAMPA S/N  IAPI, QUILMES, QUILMES, Buenos Aires, Argentina","IND.GOMEZ 502  LA PERLA, TEMPERLEY, LOMAS DE ZAMORA, Buenos Aires, Argentina","IND.GOMEZ 502, LOMAS DE ZAMORA, Buenos Aires, Argentina"
ESCUELA DE EDUCACIÓN SECUNDARIA AGRARIA Nº1,"CAMINO EVITA   SANTA ROSA, PEREYRA, BERAZATEGUI, Buenos Aires, Argentina","175 bis 175 bis e/ PILCOMAYO y PAMPA S/N  IAPI, QUILMES, QUILMES, Buenos Aires, Argentina","175 bis 175 bis e/ PILCOMAYO y PAMPA , QUILMES, Buenos Aires, Argentina"
CENTRO EDUCATIVO PARA LA PRODUCCIÓN TOTAL Nº33,"CAMINO REAL A MONTE S/N  , EL DESLINDE, CAÑUELAS, Buenos Aires, Argentina","CAMINO EVITA   SANTA ROSA, PEREYRA, BERAZATEGUI, Buenos Aires, Argentina","CAMINO EVITA   SANTA ROSA, PEREYRA, BERAZATEGUI, Buenos Aires, Argentina"
ESCUELA SECUNDARIA Nº3,"victor hugo ubellart 1076  BARRIO BICENTENARIO, GENERAL RODRIGUEZ, GENERAL RODRIGUEZ, Buenos Aires, Argentina","CAMINO REAL A MONTE S/N  , EL DESLINDE, CAÑUELAS, Buenos Aires, Argentina","CAMINO REAL A MONTE , CAÑUELAS, Buenos Aires, Argentina"
ESCUELA DE EDUCACIÓN SECUNDARIA AGRARIA Nº1,"ACCESO JUAN CARLOS ZABALA S/N  , MARCOS PAZ, MARCOS PAZ, Buenos Aires, Argentina","victor hugo ubellart 1076  BARRIO BICENTENARIO, GENERAL RODRIGUEZ, GENERAL RODRIGUEZ, Buenos Aires, Argentina","victor hugo ubellart 1076, GENERAL RODRIGUEZ, Buenos Aires, Argentina"
ESCUELA SECUNDARIA Nº4,"FORTIN ATAHUALPA ESQ. GINOCHO 886  BARRIO PARQUE IRIGOYEN, GENERAL RODRIGUEZ, GENERAL RODRIGUEZ, Buenos Aires, Argentina","ACCESO JUAN CARLOS ZABALA S/N  , MARCOS PAZ, MARCOS PAZ, Buenos Aires, Argentina","ACCESO JUAN CARLOS ZABALA , MARCOS PAZ, Buenos Aires, Argentina"
ESCUELA SECUNDARIA Nº18,"RIO PARANA DE LAS PALMAS KM.81 ISLAS   , CAMPANA, CAMPANA, Buenos Aires, Argentina","FORTIN ATAHUALPA ESQ. GINOCHO 886  BARRIO PARQUE IRIGOYEN, GENERAL RODRIGUEZ, GENERAL RODRIGUEZ, Buenos Aires, Argentina","FORTIN ATAHUALPA ESQ. GINOCHO 886, GENERAL RODRIGUEZ, Buenos Aires, Argentina"
ANEXO DE ESCUELA SECUNDARIA Nº18,"CANAL ALEM II sección al Guazú   , CAMPANA, CAMPANA, Buenos Aires, Argentina","RIO PARANA DE LAS PALMAS KM.81 ISLAS   , CAMPANA, CAMPANA, Buenos Aires, Argentina","RIO PARANA DE LAS PALMAS KM.81, CAMPANA, Buenos Aires, Argentina"
EXTENSION DE ESCUELA SECUNDARIA Nº56,"ACASSUSO / COLEGIALES Y LAS FLORES S/N  VILLA SCASSO, RAFAEL CASTILLO, LA MATANZA, Buenos Aires, Argentina","CANAL ALEM II sección al Guazú   , CAMPANA, CAMPANA, Buenos Aires, Argentina","CANAL ALEM II sección al Guazú   , CAMPANA, CAMPANA, Buenos Aires, Argentina"
ESCUELA DE EDUCACIÓN SECUNDARIA TÉCNICA Nº3,"LUIS FONTAN Y LISANDRO DE LA TORRE   , DEL VISO, PILAR, Buenos Aires, Argentina","ACASSUSO / COLEGIALES Y LAS FLORES S/N  VILLA SCASSO, RAFAEL CASTILLO, LA MATANZA, Buenos Aires, Argentina","ACASSUSO / COLEGIALES Y LAS FLORES , LA MATANZA, Buenos Aires, Argentina"
ESCUELA SECUNDARIA Nº6,"RUTA 2- SAMBOROMBON km92   , LA POSADA, BRANDSEN, Buenos Aires, Argentina","LUIS FONTAN Y LISANDRO DE LA TORRE   , DEL VISO, PILAR, Buenos Aires, Argentina","LUIS FONTAN Y LISANDRO DE LA TORRE   , DEL VISO, PILAR, Buenos Aires, Argentina"
ESCUELA SECUNDARIA Nº60,"RUTA NAC.6 Y RUTA 53   Los Retoños, LA PLATA, LA PLATA, Buenos Aires, Argentina","RUTA 2- SAMBOROMBON km92   , LA POSADA, BRANDSEN, Buenos Aires, Argentina","RUTA 2- SAMBOROMBON km92, BRANDSEN, Buenos Aires, Argentina"
ESCULEA SECUNDARIA Nº17,"RIO LUJAN Y CAMINO ISLEÑO   , DESCONOCIDO, ESCOBAR, Buenos Aires, Argentina","RUTA NAC.6 Y RUTA 53   Los Retoños, LA PLATA, LA PLATA, Buenos Aires, Argentina","RUTA NAC.6 Y RUTA 53, LA PLATA, Buenos Aires, Argentina"
ESCUELA SECUNDARIA Nº7,"GERVASIO TRUCCO E/ CHABAGNO Y BELGRANO S/N  , GOMEZ, BRANDSEN, Buenos Aires, Argentina","RIO LUJAN Y CAMINO ISLEÑO   , DESCONOCIDO, ESCOBAR, Buenos Aires, Argentina","RIO LUJAN Y CAMINO ISLEÑO   , DESCONOCIDO, ESCOBAR, Buenos Aires, Argentina"
ESCUELA DE EDUCACIÓN SECUNDARIA TÉCNICA Nº2,"NEGRETE E/GIACHINO Y CRO. G. BELGRANO   , CAMPANA, CAMPANA, Buenos Aires, Argentina","GERVASIO TRUCCO E/ CHABAGNO Y BELGRANO S/N  , GOMEZ, BRANDSEN, Buenos Aires, Argentina","GERVASIO TRUCCO E/ CHABAGNO Y BELGRANO , BRANDSEN, Buenos Aires, Argentina"
ESCUELA DE EDUCACIÓN SECUNDARIA Nº137,"VUELTA DE ROCHA Y ACASSUSO   BARRIO EL PORVENIR, RAFAEL CASTILLO, LA MATANZA, Buenos Aires, Argentina","NEGRETE E/GIACHINO Y CRO. G. BELGRANO   , CAMPANA, CAMPANA, Buenos Aires, Argentina","NEGRETE E/GIACHINO Y CRO. G. BELGRANO   , CAMPANA, CAMPANA, Buenos Aires, Argentina"
ESCUELA DE SUBOFICIALES DEL EJERCITO SARGENTO CABRAL,"RUTA NAC. 202 S/N  , CAMPO DE MAYO, SAN MIGUEL, Buenos Aires, Argentina","VUELTA DE ROCHA Y ACASSUSO   BARRIO EL PORVENIR, RAFAEL CASTILLO, LA MATANZA, Buenos Aires, Argentina","VUELTA DE ROCHA Y ACASSUSO   BARRIO EL PORVENIR, RAFAEL CASTILLO, LA MATANZA, Buenos Aires, Argentina"
ENS EN LENGUAS VIVAS Nº 01 PTE ROQUE SAENZ PEÑA DE 01,"AVDA. CORDOBA 1951 RECOLETA PARAGUAY 1950, CIUDAD DE BUENOS AIRES, Comuna 2, Ciudad de Buenos Aires, Argentina","RUTA NAC. 202 S/N  , CAMPO DE MAYO, SAN MIGUEL, Buenos Aires, Argentina","RUTA NAC. 202 , SAN MIGUEL, Buenos Aires, Argentina"
LICEO Nº 04 REMEDIOS DE ESCALADA DE SAN MARTIN DE 01,"AYACUCHO 875 RECOLETA AVDA.CORDOBA 1951, CIUDAD DE BUENOS AIRES, Comuna 2, Ciudad de Buenos Aires, Argentina","AVDA. CORDOBA 1951 RECOLETA PARAGUAY 1950, CIUDAD DE BUENOS AIRES, Comuna 2, Ciudad de Buenos Aires, Argentina","AVDA. CORDOBA 1951 RECOLETA PARAGUAY 1950, Comuna 2, Ciudad de Buenos Aires, Argentina"
ESC. DE EDUC. MEDIA Nº 06 PADRE CARLOS MUGICA DE 01,"LETONIA Y AVDA. ANTARTIDA ARG. ALT. 1100 0000 RETIRO , CIUDAD DE BUENOS AIRES, Comuna 1, Ciudad de Buenos Aires, Argentina","AYACUCHO 875 RECOLETA AVDA.CORDOBA 1951, CIUDAD DE BUENOS AIRES, Comuna 2, Ciudad de Buenos Aires, Argentina","AYACUCHO 875 RECOLETA AVDA.CORDOBA 1951, Comuna 2, Ciudad de Buenos Aires, Argentina"
,,"LETONIA Y AVDA. ANTARTIDA ARG. ALT. 1100 0000 RETIRO , CIUDAD DE BUENOS AIRES, Comuna 1, Ciudad de Buenos Aires, Argentina","LETONIA Y AVDA. ANTARTIDA ARG. ALT. 1100 0000, Comuna 1, Ciudad de Buenos Aires, Argentina"
